clip_id,path,sha256,license,source_url,source_ref,duration,sample_rate,channels,split,tempo_bpm,tempo_bucket,crop_start,crop_end,is_palette,is_source,is_reference,license_filter,license_ok
pal_0069_627174_231428,/home/manos/codes/neural-morphing/artifacts/validation/datasets/paper_eval_v1/palette_train/ambient/0069_627174_231428.flac,f632d00694383f6565fa0502ed964119ef4293c86a6124ceb95eb0697fdb8c91,CC-BY-4.0,https://freesound.org/people/klankbeeld/sounds/627174/,Freesound sound 627174,7.985563,48000,1,palette_train,,unknown,0.000000,7.985563,1,0,0,"exact-allowed-licenses: CC-BY-3.0,CC-BY-4.0,CC-BY-SA-3.0,CC-BY-SA-4.0,CC0-1.0",1
pal_0165_145793_176152,/home/manos/codes/neural-morphing/artifacts/validation/datasets/paper_eval_v1/palette_train/ambient/0165_145793_176152.flac,2eaa8be773d2954da8680486deb12f2659ba9e70e005deb7db86d5051bba0c94,CC0-1.0,https://freesound.org/people/211redman112/sounds/145793/,Freesound sound 145793,11.842167,48000,1,palette_train,,unknown,0.000000,11.842167,1,0,0,"exact-allowed-licenses: CC-BY-3.0,CC-BY-4.0,CC-BY-SA-3.0,CC-BY-SA-4.0,CC0-1.0",1
pal_0254_448730_447643,/home/manos/codes/neural-morphing/artifacts/validation/datasets/paper_eval_v1/palette_train/ambient/0254_448730_447643.flac,99c641ca65c578fd6e7c9bd50dbada51ead6a5d31121074776dd70751589aa48,CC-BY-4.0,https://freesound.org/people/eitabyte/sounds/448730/,Freesound sound 448730,8.411583,48000,1,palette_train,,unknown,0.000000,8.411583,1,0,0,"exact-allowed-licenses: CC-BY-3.0,CC-BY-4.0,CC-BY-SA-3.0,CC-BY-SA-4.0,CC0-1.0",1
pal_0004_162935_231602,/home/manos/codes/neural-morphing/artifacts/validation/datasets/paper_eval_v1/palette_train/bass/0004_162935_231602.flac,8cb3c614bb73cbd35113d28f2fa3d3d8595508c19e4aca03650aee9ba05d667b,CC-BY-3.0,https://freesound.org/people/Project16/sounds/162935/,Freesound sound 162935,6.051437,48000,1,palette_train,,unknown,0.000000,6.051437,1,0,0,"exact-allowed-licenses: CC-BY-3.0,CC-BY-4.0,CC-BY-SA-3.0,CC-BY-SA-4.0,CC0-1.0",1
pal_0038_30648_231531,/home/manos/codes/neural-morphing/artifacts/validation/datasets/paper_eval_v1/palette_train/bass/0038_30648_231531.flac,75d97625e7444223791a35b556c198163b482d66e1e7fd5ec83ae8bb0c5d60a1,CC-BY-3.0,https://freesound.org/people/mchladil/sounds/30648/,Freesound sound 30648,9.000000,48000,1,palette_train,,unknown,0.000000,9.000000,1,0,0,"exact-allowed-licenses: CC-BY-3.0,CC-BY-4.0,CC-BY-SA-3.0,CC-BY-SA-4.0,CC0-1.0",1
pal_0043_208234_231419,/home/manos/codes/neural-morphing/artifacts/validation/datasets/paper_eval_v1/palette_train/bass/0043_208234_231419.flac,2cd23e94317d2e10e86c173a68f2e298959f7e6f9487d730588ae667d6827991,CC0-1.0,https://freesound.org/people/choomaque-crispydinner/sounds/208234/,Freesound sound 208234,10.445333,48000,1,palette_train,,unknown,0.000000,10.445333,1,0,0,"exact-allowed-licenses: CC-BY-3.0,CC-BY-4.0,CC-BY-SA-3.0,CC-BY-SA-4.0,CC0-1.0",1
pal_0059_239718_231508,/home/manos/codes/neural-morphing/artifacts/validation/datasets/paper_eval_v1/palette_train/bass/0059_239718_231508.flac,9aff7052d792c55fb255421084a20eaad547887bf8b70162773b23033c3dce2c,CC-BY-4.0,https://freesound.org/people/quartertone/sounds/239718/,Freesound sound 239718,6.250000,48000,1,palette_train,,unknown,0.000000,6.250000,1,0,0,"exact-allowed-licenses: CC-BY-3.0,CC-BY-4.0,CC-BY-SA-3.0,CC-BY-SA-4.0,CC0-1.0",1
pal_0066_132213_231469,/home/manos/codes/neural-morphing/artifacts/validation/datasets/paper_eval_v1/palette_train/bass/0066_132213_231469.flac,5ce836c31acf8e111a2da7fccd2d852fbccbc356f60110f32deee825b1454c3c,CC0-1.0,https://freesound.org/people/DJmastah/sounds/132213/,Freesound sound 132213,12.068583,48000,1,palette_train,,unknown,0.000000,12.068583,1,0,0,"exact-allowed-licenses: CC-BY-3.0,CC-BY-4.0,CC-BY-SA-3.0,CC-BY-SA-4.0,CC0-1.0",1
pal_0149_129053_1760,/home/manos/codes/neural-morphing/artifacts/validation/datasets/paper_eval_v1/palette_train/bass/0149_129053_1760.flac,829c9b191962862871556fa8b1ada0e35b6e6cecf4c17b7918afc1239806f00f,CC-BY-3.0,https://freesound.org/people/Ongitak/sounds/129053/,Freesound sound 129053,13.718771,48000,1,palette_train,,unknown,0.000000,13.718771,1,0,0,"exact-allowed-licenses: CC-BY-3.0,CC-BY-4.0,CC-BY-SA-3.0,CC-BY-SA-4.0,CC0-1.0",1
pal_0158_552386_176151,/home/manos/codes/neural-morphing/artifacts/validation/datasets/paper_eval_v1/palette_train/bass/0158_552386_176151.flac,b849b9750ab808f018299b5d41c12a3fafdcfe906f57859c0b34e26d2765aa9e,CC-BY-3.0,https://freesound.org/people/retropttam/sounds/176151/,Freesound sound 176151,9.914917,48000,1,palette_train,,unknown,0.000000,9.914917,1,0,0,"exact-allowed-licenses: CC-BY-3.0,CC-BY-4.0,CC-BY-SA-3.0,CC-BY-SA-4.0,CC0-1.0",1
pal_0169_410716_176266,/home/manos/codes/neural-morphing/artifacts/validation/datasets/paper_eval_v1/palette_train/bass/0169_410716_176266.flac,76777594a48e3acf7b2c404bcb8cfa5faec348a68f2d241a525df9c229fbbc2e,CC-BY-4.0,https://freesound.org/people/pjcohen/sounds/410716/,Freesound sound 410716,6.026917,48000,1,palette_train,,unknown,0.000000,6.026917,1,0,0,"exact-allowed-licenses: CC-BY-3.0,CC-BY-4.0,CC-BY-SA-3.0,CC-BY-SA-4.0,CC0-1.0",1
pal_0211_54398_447616,/home/manos/codes/neural-morphing/artifacts/validation/datasets/paper_eval_v1/palette_train/bass/0211_54398_447616.flac,2a8a759841b88c172e67049b14e5c0b2fd952255e91ce296b96b336b6ab5a5c0,CC0-1.0,https://freesound.org/people/KorgMS2000B/sounds/54398/,Freesound sound 54398,13.923687,48000,1,palette_train,,unknown,0.000000,13.923687,1,0,0,"exact-allowed-licenses: CC-BY-3.0,CC-BY-4.0,CC-BY-SA-3.0,CC-BY-SA-4.0,CC0-1.0",1
pal_0223_416714_447516,/home/manos/codes/neural-morphing/artifacts/validation/datasets/paper_eval_v1/palette_train/bass/0223_416714_447516.flac,126525a2999eec0704c3d17133faaef5b1869e70520a3a3e2cd38b779dc3b191,CC-BY-4.0,https://freesound.org/people/Erokia/sounds/416714/,Freesound sound 416714,5.556500,48000,1,palette_train,,unknown,0.000000,5.556500,1,0,0,"exact-allowed-licenses: CC-BY-3.0,CC-BY-4.0,CC-BY-SA-3.0,CC-BY-SA-4.0,CC0-1.0",1
pal_0012_378380_231535,/home/manos/codes/neural-morphing/artifacts/validation/datasets/paper_eval_v1/palette_train/effect/0012_378380_231535.flac,82ec3f81df1120a216b3afda384d9ae4a827c3cbbd823f375030abe48f1f4282,CC0-1.0,https://freesound.org/people/laffik/sounds/378380/,Freesound sound 378380,11.337875,48000,1,palette_train,,unknown,0.000000,11.337875,1,0,0,"exact-allowed-licenses: CC-BY-3.0,CC-BY-4.0,CC-BY-SA-3.0,CC-BY-SA-4.0,CC0-1.0",1
pal_0197_386991_447447,/home/manos/codes/neural-morphing/artifacts/validation/datasets/paper_eval_v1/palette_train/effect/0197_386991_447447.flac,56d542d35cab4b3bf96e9f82ca49bcaa18fa159efa84b0b95daab68b8489e01e,CC0-1.0,https://freesound.org/people/lollosound/sounds/386991/,Freesound sound 386991,5.624000,48000,1,palette_train,,unknown,0.000000,5.624000,1,0,0,"exact-allowed-licenses: CC-BY-3.0,CC-BY-4.0,CC-BY-SA-3.0,CC-BY-SA-4.0,CC0-1.0",1
pal_0013_474223_231582,/home/manos/codes/neural-morphing/artifacts/validation/datasets/paper_eval_v1/palette_train/field-recording/0013_474223_231582.flac,60450837f8a9ffa0d081f6af4a6f05eb640e966615588aca295be20bd29d1dfc,CC0-1.0,https://freesound.org/people/olliehahn12/sounds/474223/,Freesound sound 474223,5.092000,48000,1,palette_train,,unknown,0.000000,5.092000,1,0,0,"exact-allowed-licenses: CC-BY-3.0,CC-BY-4.0,CC-BY-SA-3.0,CC-BY-SA-4.0,CC0-1.0",1
pal_0037_560114_231551,/home/manos/codes/neural-morphing/artifacts/validation/datasets/paper_eval_v1/palette_train/field-recording/0037_560114_231551.flac,1ac523ad17cdbd6bb468973c80296fd5d49d1079d7afa75a52df7e7f79ee88e3,CC0-1.0,https://freesound.org/people/elav_vale/sounds/560114/,Freesound sound 560114,12.236917,48000,1,palette_train,,unknown,0.000000,12.236917,1,0,0,"exact-allowed-licenses: CC-BY-3.0,CC-BY-4.0,CC-BY-SA-3.0,CC-BY-SA-4.0,CC0-1.0",1
pal_0062_147179_231503,/home/manos/codes/neural-morphing/artifacts/validation/datasets/paper_eval_v1/palette_train/field-recording/0062_147179_231503.flac,e4af0fd0644aba814cbb49dc2197ab36a98e4069925e488c4f9c650a48fab37f,CC-BY-4.0,https://freesound.org/people/Hampusnoren/sounds/147179/,Freesound sound 147179,5.108396,48000,1,palette_train,,unknown,0.000000,5.108396,1,0,0,"exact-allowed-licenses: CC-BY-3.0,CC-BY-4.0,CC-BY-SA-3.0,CC-BY-SA-4.0,CC0-1.0",1
pal_0112_426142_176204,/home/manos/codes/neural-morphing/artifacts/validation/datasets/paper_eval_v1/palette_train/field-recording/0112_426142_176204.flac,921597dd5a7038881502f518fd806e10cae9ca2842afb2619bba3405f7f72d47,CC-BY-4.0,https://freesound.org/people/tedthetrumpet/sounds/426142/,Freesound sound 426142,5.126646,48000,1,palette_train,,unknown,0.000000,5.126646,1,0,0,"exact-allowed-licenses: CC-BY-3.0,CC-BY-4.0,CC-BY-SA-3.0,CC-BY-SA-4.0,CC0-1.0",1
pal_0121_96469_176357,/home/manos/codes/neural-morphing/artifacts/validation/datasets/paper_eval_v1/palette_train/field-recording/0121_96469_176357.flac,b1c7fc1a96d460db3246b75f464e508eacb3fc750d232d8cc9bdadeb83c049f4,CC-BY-4.0,https://freesound.org/people/rfhache/sounds/96469/,Freesound sound 96469,8.454750,48000,1,palette_train,,unknown,0.000000,8.454750,1,0,0,"exact-allowed-licenses: CC-BY-3.0,CC-BY-4.0,CC-BY-SA-3.0,CC-BY-SA-4.0,CC0-1.0",1
pal_0137_22935_17615,/home/manos/codes/neural-morphing/artifacts/validation/datasets/paper_eval_v1/palette_train/field-recording/0137_22935_17615.flac,656083a5b30fcf0c3bef7d08bde9c6fe6220b3ca02cf827de41dc3785a4d051a,CC-BY-3.0,https://freesound.org/people/Charel%20Sytze/sounds/22935/,Freesound sound 22935,9.064500,48000,1,palette_train,,unknown,0.000000,9.064500,1,0,0,"exact-allowed-licenses: CC-BY-3.0,CC-BY-4.0,CC-BY-SA-3.0,CC-BY-SA-4.0,CC0-1.0",1
pal_0148_489491_176310,/home/manos/codes/neural-morphing/artifacts/validation/datasets/paper_eval_v1/palette_train/field-recording/0148_489491_176310.flac,c81014999bfb902323c3b9635886811d99774804a46b7b8cc0f457e8c46f2cf5,CC-BY-4.0,https://freesound.org/people/BockelSound/sounds/489491/,Freesound sound 489491,6.387792,48000,1,palette_train,,unknown,0.000000,6.387792,1,0,0,"exact-allowed-licenses: CC-BY-3.0,CC-BY-4.0,CC-BY-SA-3.0,CC-BY-SA-4.0,CC0-1.0",1
pal_0170_39989_176251,/home/manos/codes/neural-morphing/artifacts/validation/datasets/paper_eval_v1/palette_train/field-recording/0170_39989_176251.flac,6af6fe7c4bdf3eb2bacef31c0f53bde2dbf8839a18265f80b0427bf4b4a2ae0c,CC-BY-3.0,https://freesound.org/people/Fishdog/sounds/39989/,Freesound sound 39989,7.933333,48000,1,palette_train,,unknown,0.000000,7.933333,1,0,0,"exact-allowed-licenses: CC-BY-3.0,CC-BY-4.0,CC-BY-SA-3.0,CC-BY-SA-4.0,CC0-1.0",1
pal_0030_183630_231369,/home/manos/codes/neural-morphing/artifacts/validation/datasets/paper_eval_v1/palette_train/loop/0030_183630_231369.flac,668d9b8085f2fe70527af89f2a3c4373f4745ee1b688342d81dec9966dea3d1d,CC0-1.0,https://freesound.org/people/mika55/sounds/183630/,Freesound sound 183630,5.333333,48000,1,palette_train,,unknown,0.000000,5.333333,1,0,0,"exact-allowed-licenses: CC-BY-3.0,CC-BY-4.0,CC-BY-SA-3.0,CC-BY-SA-4.0,CC0-1.0",1
pal_0032_32409_231459,/home/manos/codes/neural-morphing/artifacts/validation/datasets/paper_eval_v1/palette_train/loop/0032_32409_231459.flac,ae175937f98ded8dd2a8fe075f1be3e8177c6926a6c4b0258794a6c0b2e3d6d3,CC-BY-3.0,https://freesound.org/people/-zin-/sounds/32409/,Freesound sound 32409,11.636375,48000,1,palette_train,,unknown,0.000000,11.636375,1,0,0,"exact-allowed-licenses: CC-BY-3.0,CC-BY-4.0,CC-BY-SA-3.0,CC-BY-SA-4.0,CC0-1.0",1
pal_0045_507660_231480,/home/manos/codes/neural-morphing/artifacts/validation/datasets/paper_eval_v1/palette_train/loop/0045_507660_231480.flac,d7e43285537d2f78e15c3e86f3e797cf01e6b6f5ce99361a6619e454bd0bc7f7,CC-BY-4.0,https://freesound.org/people/frederic.font/sounds/507660/,Freesound sound 507660,8.727271,48000,1,palette_train,,unknown,0.000000,8.727271,1,0,0,"exact-allowed-licenses: CC-BY-3.0,CC-BY-4.0,CC-BY-SA-3.0,CC-BY-SA-4.0,CC0-1.0",1
pal_0081_477213_176195,/home/manos/codes/neural-morphing/artifacts/validation/datasets/paper_eval_v1/palette_train/loop/0081_477213_176195.flac,5fd994618e8444213b6713c680ddc39ddf704aabe89efebc2f735e782f1af742,CC-BY-4.0,https://freesound.org/people/Erokia/sounds/477213/,Freesound sound 477213,5.333333,48000,1,palette_train,,unknown,0.000000,5.333333,1,0,0,"exact-allowed-licenses: CC-BY-3.0,CC-BY-4.0,CC-BY-SA-3.0,CC-BY-SA-4.0,CC0-1.0",1
pal_0091_179550_176355,/home/manos/codes/neural-morphing/artifacts/validation/datasets/paper_eval_v1/palette_train/loop/0091_179550_176355.flac,07257d229ffd485c094c2ad27190f56cdd255d351ff6267397c2f407b9cd67b7,CC-BY-4.0,https://freesound.org/people/Clinthammer/sounds/179550/,Freesound sound 179550,6.857146,48000,1,palette_train,,unknown,0.000000,6.857146,1,0,0,"exact-allowed-licenses: CC-BY-3.0,CC-BY-4.0,CC-BY-SA-3.0,CC-BY-SA-4.0,CC0-1.0",1
pal_0109_214718_176327,/home/manos/codes/neural-morphing/artifacts/validation/datasets/paper_eval_v1/palette_train/loop/0109_214718_176327.flac,839e8479357487f08ca9b81487183294c7b071aff5630ceeed3c94a30a5b9991,CC0-1.0,https://freesound.org/people/SpankMyFilth/sounds/214718/,Freesound sound 214718,5.488000,48000,1,palette_train,,unknown,0.000000,5.488000,1,0,0,"exact-allowed-licenses: CC-BY-3.0,CC-BY-4.0,CC-BY-SA-3.0,CC-BY-SA-4.0,CC0-1.0",1
pal_0110_418400_17632,/home/manos/codes/neural-morphing/artifacts/validation/datasets/paper_eval_v1/palette_train/loop/0110_418400_17632.flac,51ad2e42a06cbd4f0126316328b322c2b33b6c6b88a8cc714cc6fcd475fda41b,CC0-1.0,https://freesound.org/people/@realdavidfloat/sounds/418400/,Freesound sound 418400,8.000000,48000,1,palette_train,,unknown,0.000000,8.000000,1,0,0,"exact-allowed-licenses: CC-BY-3.0,CC-BY-4.0,CC-BY-SA-3.0,CC-BY-SA-4.0,CC0-1.0",1
pal_0116_462918_176130,/home/manos/codes/neural-morphing/artifacts/validation/datasets/paper_eval_v1/palette_train/loop/0116_462918_176130.flac,7f8351bbb9340f742aeb7508dd35e41941b14ef3142c163a8a256c3615a2b21e,CC0-1.0,https://freesound.org/people/The-Sacha-Rush/sounds/462918/,Freesound sound 462918,11.208813,48000,1,palette_train,,unknown,0.000000,11.208813,1,0,0,"exact-allowed-licenses: CC-BY-3.0,CC-BY-4.0,CC-BY-SA-3.0,CC-BY-SA-4.0,CC0-1.0",1
pal_0120_323103_176233,/home/manos/codes/neural-morphing/artifacts/validation/datasets/paper_eval_v1/palette_train/loop/0120_323103_176233.flac,7f38d4c86992f57c0aebfd6e1ff8a5e435557dba4c916d712a49fd4b1da926d5,CC-BY-3.0,https://freesound.org/people/-zin-/sounds/323103/,Freesound sound 323103,14.811438,48000,1,palette_train,,unknown,0.000000,14.811438,1,0,0,"exact-allowed-licenses: CC-BY-3.0,CC-BY-4.0,CC-BY-SA-3.0,CC-BY-SA-4.0,CC0-1.0",1
pal_0140_185275_176063,/home/manos/codes/neural-morphing/artifacts/validation/datasets/paper_eval_v1/palette_train/loop/0140_185275_176063.flac,5976307109e1a575f28540ca044f1135feea31719326f1153ff7552b21077a14,CC-BY-3.0,https://freesound.org/people/headphonesvocal/sounds/185275/,Freesound sound 185275,14.863687,48000,1,palette_train,,unknown,0.000000,14.863687,1,0,0,"exact-allowed-licenses: CC-BY-3.0,CC-BY-4.0,CC-BY-SA-3.0,CC-BY-SA-4.0,CC0-1.0",1
pal_0196_187514_44746,/home/manos/codes/neural-morphing/artifacts/validation/datasets/paper_eval_v1/palette_train/loop/0196_187514_44746.flac,60dc870d5fa00550f4866aec0d8a2332c899040cce7441bc8b8887f15ab1e577,CC0-1.0,https://freesound.org/people/waveplaySFX/sounds/187514/,Freesound sound 187514,6.571792,48000,1,palette_train,,unknown,0.000000,6.571792,1,0,0,"exact-allowed-licenses: CC-BY-3.0,CC-BY-4.0,CC-BY-SA-3.0,CC-BY-SA-4.0,CC0-1.0",1
pal_0213_215920_447684,/home/manos/codes/neural-morphing/artifacts/validation/datasets/paper_eval_v1/palette_train/loop/0213_215920_447684.flac,856e62c5a6235a334532f9e7689ea9735eedc366be7ceb8ea7c8bacf122d2711,CC0-1.0,https://freesound.org/people/SpankMyFilth/sounds/215920/,Freesound sound 215920,11.589333,48000,1,palette_train,,unknown,0.000000,11.589333,1,0,0,"exact-allowed-licenses: CC-BY-3.0,CC-BY-4.0,CC-BY-SA-3.0,CC-BY-SA-4.0,CC0-1.0",1
pal_0230_31724_447526,/home/manos/codes/neural-morphing/artifacts/validation/datasets/paper_eval_v1/palette_train/loop/0230_31724_447526.flac,2d7548a3716b09adf6b5578c7279ea512aeea86399b400551e5e7bf96e42be72,CC-BY-4.0,https://freesound.org/people/Jovica/sounds/31724/,Freesound sound 31724,8.000000,48000,1,palette_train,,unknown,0.000000,8.000000,1,0,0,"exact-allowed-licenses: CC-BY-3.0,CC-BY-4.0,CC-BY-SA-3.0,CC-BY-SA-4.0,CC0-1.0",1
pal_0001_51102_231560,/home/manos/codes/neural-morphing/artifacts/validation/datasets/paper_eval_v1/palette_train/misc/0001_51102_231560.flac,4c00770f61a3b59bcdd646bde21d330f34e3a8ba64ec1d974f4b8fead7286950,CC0-1.0,https://freesound.org/people/RutgerMuller/sounds/51102/,Freesound sound 51102,11.667250,48000,1,palette_train,,unknown,0.000000,11.667250,1,0,0,"exact-allowed-licenses: CC-BY-3.0,CC-BY-4.0,CC-BY-SA-3.0,CC-BY-SA-4.0,CC0-1.0",1
pal_0002_80373_231294,/home/manos/codes/neural-morphing/artifacts/validation/datasets/paper_eval_v1/palette_train/misc/0002_80373_231294.flac,3f9a3261e00ed27d9bb4b241619387a93fe8486ee7aeffdde4e152cee27eb265,CC-BY-4.0,https://freesound.org/people/miastodzwiekow/sounds/80373/,Freesound sound 80373,6.144000,48000,1,palette_train,,unknown,0.000000,6.144000,1,0,0,"exact-allowed-licenses: CC-BY-3.0,CC-BY-4.0,CC-BY-SA-3.0,CC-BY-SA-4.0,CC0-1.0",1
pal_0003_577010_231523,/home/manos/codes/neural-morphing/artifacts/validation/datasets/paper_eval_v1/palette_train/misc/0003_577010_231523.flac,0215c46f21cc947aeb9680182ad82a8f47078bc482a536ca3f9df100b32bc6ec,CC-BY-3.0,https://freesound.org/people/BergsteinProd/sounds/577010/,Freesound sound 577010,5.003729,48000,1,palette_train,,unknown,0.000000,5.003729,1,0,0,"exact-allowed-licenses: CC-BY-3.0,CC-BY-4.0,CC-BY-SA-3.0,CC-BY-SA-4.0,CC0-1.0",1
pal_0005_633646_231666,/home/manos/codes/neural-morphing/artifacts/validation/datasets/paper_eval_v1/palette_train/misc/0005_633646_231666.flac,cff952ca1d6f688e7f468b374e28f6719739ef2bf0b3118e44618a89d290817c,CC-BY-4.0,https://freesound.org/people/Hewn.Marrow/sounds/633646/,Freesound sound 633646,7.894792,48000,1,palette_train,,unknown,0.000000,7.894792,1,0,0,"exact-allowed-licenses: CC-BY-3.0,CC-BY-4.0,CC-BY-SA-3.0,CC-BY-SA-4.0,CC0-1.0",1
pal_0006_24292_231595,/home/manos/codes/neural-morphing/artifacts/validation/datasets/paper_eval_v1/palette_train/misc/0006_24292_231595.flac,2731952233c36f2ecec769c18af1bb7484ddc166fd64c02753bee55c2058785d,CC-BY-3.0,https://freesound.org/people/NoiseCollector/sounds/24292/,Freesound sound 24292,8.944042,48000,1,palette_train,,unknown,0.000000,8.944042,1,0,0,"exact-allowed-licenses: CC-BY-3.0,CC-BY-4.0,CC-BY-SA-3.0,CC-BY-SA-4.0,CC0-1.0",1
pal_0007_283524_231380,/home/manos/codes/neural-morphing/artifacts/validation/datasets/paper_eval_v1/palette_train/misc/0007_283524_231380.flac,91343201930241b7eab7fff75223db9a92ac1d5d0db459475f490bd9c1805fc6,CC0-1.0,https://freesound.org/people/modularsamples/sounds/283524/,Freesound sound 283524,12.027938,48000,1,palette_train,,unknown,0.000000,12.027938,1,0,0,"exact-allowed-licenses: CC-BY-3.0,CC-BY-4.0,CC-BY-SA-3.0,CC-BY-SA-4.0,CC0-1.0",1
pal_0008_410552_231273,/home/manos/codes/neural-morphing/artifacts/validation/datasets/paper_eval_v1/palette_train/misc/0008_410552_231273.flac,62861d945260e080d277cf96c0242c99a1c404a196b37f94d280683c6f28dfdc,CC0-1.0,https://freesound.org/people/straget/sounds/410552/,Freesound sound 410552,5.023646,48000,1,palette_train,,unknown,0.000000,5.023646,1,0,0,"exact-allowed-licenses: CC-BY-3.0,CC-BY-4.0,CC-BY-SA-3.0,CC-BY-SA-4.0,CC0-1.0",1
pal_0009_292171_231642,/home/manos/codes/neural-morphing/artifacts/validation/datasets/paper_eval_v1/palette_train/misc/0009_292171_231642.flac,8aad792d9c02a98f965aa46434241f5713c1367cbdd1abd28ed443a0675c9aef,CC0-1.0,https://freesound.org/people/modularsamples/sounds/292171/,Freesound sound 292171,6.211354,48000,1,palette_train,,unknown,0.000000,6.211354,1,0,0,"exact-allowed-licenses: CC-BY-3.0,CC-BY-4.0,CC-BY-SA-3.0,CC-BY-SA-4.0,CC0-1.0",1
pal_0010_72945_231538,/home/manos/codes/neural-morphing/artifacts/validation/datasets/paper_eval_v1/palette_train/misc/0010_72945_231538.flac,ed57bb6b78cd9881fc68da24ec66672f665fa1735e451118db357a96dec07e05,CC0-1.0,https://freesound.org/people/3bagbrew/sounds/72945/,Freesound sound 72945,13.449792,48000,1,palette_train,,unknown,0.000000,13.449792,1,0,0,"exact-allowed-licenses: CC-BY-3.0,CC-BY-4.0,CC-BY-SA-3.0,CC-BY-SA-4.0,CC0-1.0",1
pal_0014_360515_231493,/home/manos/codes/neural-morphing/artifacts/validation/datasets/paper_eval_v1/palette_train/misc/0014_360515_231493.flac,dda97ac33a3647dc7edc5b82b1be5fdf2473482ba2b6fc04440d374098c3b11b,CC0-1.0,https://freesound.org/people/giddster/sounds/360515/,Freesound sound 360515,9.797333,48000,1,palette_train,,unknown,0.000000,9.797333,1,0,0,"exact-allowed-licenses: CC-BY-3.0,CC-BY-4.0,CC-BY-SA-3.0,CC-BY-SA-4.0,CC0-1.0",1
pal_0015_285184_23143,/home/manos/codes/neural-morphing/artifacts/validation/datasets/paper_eval_v1/palette_train/misc/0015_285184_23143.flac,cd7e36581d9b29950898c6a15aa7acdef3e501e265678ede0cd0f04202cce2c8,CC0-1.0,https://freesound.org/people/modularsamples/sounds/285184/,Freesound sound 285184,11.986042,48000,1,palette_train,,unknown,0.000000,11.986042,1,0,0,"exact-allowed-licenses: CC-BY-3.0,CC-BY-4.0,CC-BY-SA-3.0,CC-BY-SA-4.0,CC0-1.0",1
pal_0016_259879_23156,/home/manos/codes/neural-morphing/artifacts/validation/datasets/paper_eval_v1/palette_train/misc/0016_259879_23156.flac,5c16d6ca6302ee13dad01160636a0920c5c5093b1b102bdb0c4c0900d9e588a0,CC-BY-3.0,https://freesound.org/people/mauress/sounds/259879/,Freesound sound 259879,5.338646,48000,1,palette_train,,unknown,0.000000,5.338646,1,0,0,"exact-allowed-licenses: CC-BY-3.0,CC-BY-4.0,CC-BY-SA-3.0,CC-BY-SA-4.0,CC0-1.0",1
pal_0018_305668_231664,/home/manos/codes/neural-morphing/artifacts/validation/datasets/paper_eval_v1/palette_train/misc/0018_305668_231664.flac,f4c25f447be798bdd22059d624ad374a0ce72ceee4bc37ea4ccb450084de94e9,CC0-1.0,https://freesound.org/people/modularsamples/sounds/305668/,Freesound sound 305668,12.190479,48000,1,palette_train,,unknown,0.000000,12.190479,1,0,0,"exact-allowed-licenses: CC-BY-3.0,CC-BY-4.0,CC-BY-SA-3.0,CC-BY-SA-4.0,CC0-1.0",1
pal_0019_246611_231436,/home/manos/codes/neural-morphing/artifacts/validation/datasets/paper_eval_v1/palette_train/misc/0019_246611_231436.flac,92e4eafac8aea1ef7384d56a2049729126581a69523bd2f8530d47af0628f3e0,CC-BY-3.0,https://freesound.org/people/MTG/sounds/246611/,Freesound sound 246611,5.000000,48000,1,palette_train,,unknown,0.000000,5.000000,1,0,0,"exact-allowed-licenses: CC-BY-3.0,CC-BY-4.0,CC-BY-SA-3.0,CC-BY-SA-4.0,CC0-1.0",1
pal_0022_596140_231655,/home/manos/codes/neural-morphing/artifacts/validation/datasets/paper_eval_v1/palette_train/misc/0022_596140_231655.flac,7e1de1f9de0a60c0d3f9451e3decc68fc24c14e31bbcf7d2ce1025bd9fbe7540,CC-BY-4.0,https://freesound.org/people/stoltingmediagroup/sounds/596140/,Freesound sound 596140,9.600000,48000,1,palette_train,,unknown,0.000000,9.600000,1,0,0,"exact-allowed-licenses: CC-BY-3.0,CC-BY-4.0,CC-BY-SA-3.0,CC-BY-SA-4.0,CC0-1.0",1
pal_0023_357162_231617,/home/manos/codes/neural-morphing/artifacts/validation/datasets/paper_eval_v1/palette_train/misc/0023_357162_231617.flac,64471dfcd41005eea4ca4acfc362ea335cff059e23ca9a3f27f4617fdb392a27,CC-BY-3.0,https://freesound.org/people/MTG/sounds/357162/,Freesound sound 357162,8.827250,48000,1,palette_train,,unknown,0.000000,8.827250,1,0,0,"exact-allowed-licenses: CC-BY-3.0,CC-BY-4.0,CC-BY-SA-3.0,CC-BY-SA-4.0,CC0-1.0",1
pal_0024_313828_231304,/home/manos/codes/neural-morphing/artifacts/validation/datasets/paper_eval_v1/palette_train/misc/0024_313828_231304.flac,abe554e46ba3d8ac2208b965a08c7d2ba8b47ddb2924918b10b5b89e98e05e93,CC0-1.0,https://freesound.org/people/modularsamples/sounds/313828/,Freesound sound 313828,10.507042,48000,1,palette_train,,unknown,0.000000,10.507042,1,0,0,"exact-allowed-licenses: CC-BY-3.0,CC-BY-4.0,CC-BY-SA-3.0,CC-BY-SA-4.0,CC0-1.0",1
pal_0025_187111_231669,/home/manos/codes/neural-morphing/artifacts/validation/datasets/paper_eval_v1/palette_train/misc/0025_187111_231669.flac,acd2339cb6481208567d475b176202cab21b0882b4ec0fb26026578f8e291e69,CC-BY-4.0,https://freesound.org/people/avakas/sounds/187111/,Freesound sound 187111,5.940917,48000,1,palette_train,,unknown,0.000000,5.940917,1,0,0,"exact-allowed-licenses: CC-BY-3.0,CC-BY-4.0,CC-BY-SA-3.0,CC-BY-SA-4.0,CC0-1.0",1
pal_0026_143614_231542,/home/manos/codes/neural-morphing/artifacts/validation/datasets/paper_eval_v1/palette_train/misc/0026_143614_231542.flac,a9f8fdddd5dd9fa96ce6a2182846d242c55f9c4ada671b8c393aa0634502d257,CC-BY-3.0,https://freesound.org/people/gilly11/sounds/143614/,Freesound sound 143614,8.515937,48000,1,palette_train,,unknown,0.000000,8.515937,1,0,0,"exact-allowed-licenses: CC-BY-3.0,CC-BY-4.0,CC-BY-SA-3.0,CC-BY-SA-4.0,CC0-1.0",1
pal_0027_313867_231341,/home/manos/codes/neural-morphing/artifacts/validation/datasets/paper_eval_v1/palette_train/misc/0027_313867_231341.flac,578468131b2760e0747aeb6496f3ebb6fd2e70deee0bf5a711d4f501b0a9959f,CC0-1.0,https://freesound.org/people/modularsamples/sounds/313867/,Freesound sound 313867,10.507042,48000,1,palette_train,,unknown,0.000000,10.507042,1,0,0,"exact-allowed-licenses: CC-BY-3.0,CC-BY-4.0,CC-BY-SA-3.0,CC-BY-SA-4.0,CC0-1.0",1
pal_0028_496071_231334,/home/manos/codes/neural-morphing/artifacts/validation/datasets/paper_eval_v1/palette_train/misc/0028_496071_231334.flac,d2c2d8fcab7e27171d7b3da603afb73eb0fba06c7caf160ad953610f5c91fe25,CC0-1.0,https://freesound.org/people/PhonosUPF/sounds/496071/,Freesound sound 496071,10.666333,48000,1,palette_train,,unknown,0.000000,10.666333,1,0,0,"exact-allowed-licenses: CC-BY-3.0,CC-BY-4.0,CC-BY-SA-3.0,CC-BY-SA-4.0,CC0-1.0",1
pal_0029_279310_231269,/home/manos/codes/neural-morphing/artifacts/validation/datasets/paper_eval_v1/palette_train/misc/0029_279310_231269.flac,7b6f0aff8a63a241e60c2528f10987aa722b6857a00c3026e3d0c7879c25b85b,CC0-1.0,https://freesound.org/people/modularsamples/sounds/279310/,Freesound sound 279310,9.543417,48000,1,palette_train,,unknown,0.000000,9.543417,1,0,0,"exact-allowed-licenses: CC-BY-3.0,CC-BY-4.0,CC-BY-SA-3.0,CC-BY-SA-4.0,CC0-1.0",1
pal_0031_150824_231475,/home/manos/codes/neural-morphing/artifacts/validation/datasets/paper_eval_v1/palette_train/misc/0031_150824_231475.flac,bba604132df7115da4a1631e271d5c250e3eff6515519cbec02dbb52ac232b81,CC-BY-3.0,https://freesound.org/people/Derek%20Lotek/sounds/150824/,Freesound sound 150824,5.511958,48000,1,palette_train,,unknown,0.000000,5.511958,1,0,0,"exact-allowed-licenses: CC-BY-3.0,CC-BY-4.0,CC-BY-SA-3.0,CC-BY-SA-4.0,CC0-1.0",1
pal_0033_149165_231443,/home/manos/codes/neural-morphing/artifacts/validation/datasets/paper_eval_v1/palette_train/misc/0033_149165_231443.flac,a962738ecd33a8b74ffa04b2fb3c4cc040086921b5c27bfe5336a8553f2e586e,CC0-1.0,https://freesound.org/people/ramas26/sounds/149165/,Freesound sound 149165,8.752479,48000,1,palette_train,,unknown,0.000000,8.752479,1,0,0,"exact-allowed-licenses: CC-BY-3.0,CC-BY-4.0,CC-BY-SA-3.0,CC-BY-SA-4.0,CC0-1.0",1
pal_0034_142906_231328,/home/manos/codes/neural-morphing/artifacts/validation/datasets/paper_eval_v1/palette_train/misc/0034_142906_231328.flac,1310fd6205b230b1162fd560698ed3439aa61100d3f34a72028611bbf8b8e464,CC0-1.0,https://freesound.org/people/Eelke/sounds/142906/,Freesound sound 142906,5.500000,48000,1,palette_train,,unknown,0.000000,5.500000,1,0,0,"exact-allowed-licenses: CC-BY-3.0,CC-BY-4.0,CC-BY-SA-3.0,CC-BY-SA-4.0,CC0-1.0",1
pal_0035_559253_231295,/home/manos/codes/neural-morphing/artifacts/validation/datasets/paper_eval_v1/palette_train/misc/0035_559253_231295.flac,08b2168afb94d6d1d7daeb3d3bf4563ea38958bea2ca3e327159b9a35f09235f,CC0-1.0,https://freesound.org/people/jcmunera1/sounds/559253/,Freesound sound 559253,5.150000,48000,1,palette_train,,unknown,0.000000,5.150000,1,0,0,"exact-allowed-licenses: CC-BY-3.0,CC-BY-4.0,CC-BY-SA-3.0,CC-BY-SA-4.0,CC0-1.0",1
pal_0036_305472_231410,/home/manos/codes/neural-morphing/artifacts/validation/datasets/paper_eval_v1/palette_train/misc/0036_305472_231410.flac,826c9b1b0667ec0363b7104de2b08fa0638bb9fbf6c959ffb1e1cf9313405586,CC0-1.0,https://freesound.org/people/modularsamples/sounds/305472/,Freesound sound 305472,6.257792,48000,1,palette_train,,unknown,0.000000,6.257792,1,0,0,"exact-allowed-licenses: CC-BY-3.0,CC-BY-4.0,CC-BY-SA-3.0,CC-BY-SA-4.0,CC0-1.0",1
pal_0039_283443_23145,/home/manos/codes/neural-morphing/artifacts/validation/datasets/paper_eval_v1/palette_train/misc/0039_283443_23145.flac,487fd95046cec80368fead32b9d48456fad9b6eadeb757712b3db0c108d31a53,CC0-1.0,https://freesound.org/people/modularsamples/sounds/283443/,Freesound sound 283443,12.016333,48000,1,palette_train,,unknown,0.000000,12.016333,1,0,0,"exact-allowed-licenses: CC-BY-3.0,CC-BY-4.0,CC-BY-SA-3.0,CC-BY-SA-4.0,CC0-1.0",1
pal_0040_459463_231584,/home/manos/codes/neural-morphing/artifacts/validation/datasets/paper_eval_v1/palette_train/misc/0040_459463_231584.flac,c944d35ffdc5e25265f8dce5ef4fb2e5fd98a4d3d631336a50e9d7422e12edcc,CC0-1.0,https://freesound.org/people/jodybruchon/sounds/459463/,Freesound sound 459463,9.436479,48000,1,palette_train,,unknown,0.000000,9.436479,1,0,0,"exact-allowed-licenses: CC-BY-3.0,CC-BY-4.0,CC-BY-SA-3.0,CC-BY-SA-4.0,CC0-1.0",1
pal_0041_342477_231562,/home/manos/codes/neural-morphing/artifacts/validation/datasets/paper_eval_v1/palette_train/misc/0041_342477_231562.flac,63006752d1989e9fce81db2506ad07fe9952fd8a1c32d4b86b9a1f95f71de1aa,CC-BY-4.0,https://freesound.org/people/Julien%20Nicolas/sounds/342477/,Freesound sound 342477,12.702000,48000,1,palette_train,,unknown,0.000000,12.702000,1,0,0,"exact-allowed-licenses: CC-BY-3.0,CC-BY-4.0,CC-BY-SA-3.0,CC-BY-SA-4.0,CC0-1.0",1
pal_0042_240980_231315,/home/manos/codes/neural-morphing/artifacts/validation/datasets/paper_eval_v1/palette_train/misc/0042_240980_231315.flac,073da5df4a065f704217c59d175751e9d69381f38651cb7bfe0d16a9470c774e,CC-BY-4.0,https://freesound.org/people/dheming/sounds/240980/,Freesound sound 240980,13.794417,48000,1,palette_train,,unknown,0.000000,13.794417,1,0,0,"exact-allowed-licenses: CC-BY-3.0,CC-BY-4.0,CC-BY-SA-3.0,CC-BY-SA-4.0,CC0-1.0",1
pal_0044_291124_23138,/home/manos/codes/neural-morphing/artifacts/validation/datasets/paper_eval_v1/palette_train/misc/0044_291124_23138.flac,8e1fd72aab70999eaf03708f5c3c4b7866170e83c218c01a4f9d4396513ed16b,CC0-1.0,https://freesound.org/people/modularsamples/sounds/291124/,Freesound sound 291124,8.661062,48000,1,palette_train,,unknown,0.000000,8.661062,1,0,0,"exact-allowed-licenses: CC-BY-3.0,CC-BY-4.0,CC-BY-SA-3.0,CC-BY-SA-4.0,CC0-1.0",1
pal_0046_289645_231556,/home/manos/codes/neural-morphing/artifacts/validation/datasets/paper_eval_v1/palette_train/misc/0046_289645_231556.flac,149d570d5d37612d011f9556af827849c2f46474628e4aedcdf5db3ed246bd67,CC0-1.0,https://freesound.org/people/modularsamples/sounds/289645/,Freesound sound 289645,10.321271,48000,1,palette_train,,unknown,0.000000,10.321271,1,0,0,"exact-allowed-licenses: CC-BY-3.0,CC-BY-4.0,CC-BY-SA-3.0,CC-BY-SA-4.0,CC0-1.0",1
pal_0047_312556_231392,/home/manos/codes/neural-morphing/artifacts/validation/datasets/paper_eval_v1/palette_train/misc/0047_312556_231392.flac,7e58cea651ca74469a632ed414da079d3101687f317bbf831b5e7f80349b898d,CC0-1.0,https://freesound.org/people/modularsamples/sounds/312556/,Freesound sound 312556,12.631667,48000,1,palette_train,,unknown,0.000000,12.631667,1,0,0,"exact-allowed-licenses: CC-BY-3.0,CC-BY-4.0,CC-BY-SA-3.0,CC-BY-SA-4.0,CC0-1.0",1
pal_0048_374038_231394,/home/manos/codes/neural-morphing/artifacts/validation/datasets/paper_eval_v1/palette_train/misc/0048_374038_231394.flac,b28fdc1d98adaed7cf60ede2e2a484ff4858e75d945ae37e42dfc5e3543f9d77,CC0-1.0,https://freesound.org/people/sgossner/sounds/374038/,Freesound sound 374038,5.662708,48000,1,palette_train,,unknown,0.000000,5.662708,1,0,0,"exact-allowed-licenses: CC-BY-3.0,CC-BY-4.0,CC-BY-SA-3.0,CC-BY-SA-4.0,CC0-1.0",1
pal_0049_538965_231302,/home/manos/codes/neural-morphing/artifacts/validation/datasets/paper_eval_v1/palette_train/misc/0049_538965_231302.flac,16095e09a760d02d2dabdebb4dd8fc94cd2f4a42635bc03a1b8bf514b6dc02f6,CC-BY-3.0,https://freesound.org/people/SubwaySandwitch420/sounds/538965/,Freesound sound 538965,11.258646,48000,1,palette_train,,unknown,0.000000,11.258646,1,0,0,"exact-allowed-licenses: CC-BY-3.0,CC-BY-4.0,CC-BY-SA-3.0,CC-BY-SA-4.0,CC0-1.0",1
pal_0050_503219_231512,/home/manos/codes/neural-morphing/artifacts/validation/datasets/paper_eval_v1/palette_train/misc/0050_503219_231512.flac,aa5386bf4d95eba1e8b8e52eb1e7ecbc6cb17b953e8d74e22440e894b6bb5d49,CC0-1.0,https://freesound.org/people/PhonosUPF/sounds/503219/,Freesound sound 503219,14.953208,48000,1,palette_train,,unknown,0.000000,14.953208,1,0,0,"exact-allowed-licenses: CC-BY-3.0,CC-BY-4.0,CC-BY-SA-3.0,CC-BY-SA-4.0,CC0-1.0",1
pal_0051_585882_231481,/home/manos/codes/neural-morphing/artifacts/validation/datasets/paper_eval_v1/palette_train/misc/0051_585882_231481.flac,782d3a6b514142179536eeb696aeaed7740e3d001a78a133516868d04a4ec663,CC-BY-4.0,https://freesound.org/people/SynBioTec/sounds/585882/,Freesound sound 585882,12.956750,48000,1,palette_train,,unknown,0.000000,12.956750,1,0,0,"exact-allowed-licenses: CC-BY-3.0,CC-BY-4.0,CC-BY-SA-3.0,CC-BY-SA-4.0,CC0-1.0",1
pal_0052_513349_231447,/home/manos/codes/neural-morphing/artifacts/validation/datasets/paper_eval_v1/palette_train/misc/0052_513349_231447.flac,44a9cd140f48df17333fe65426d5bc3932852d8673eb74a57c00ffec449fbc00,CC0-1.0,https://freesound.org/people/shelbyshark/sounds/513349/,Freesound sound 513349,8.908292,48000,1,palette_train,,unknown,0.000000,8.908292,1,0,0,"exact-allowed-licenses: CC-BY-3.0,CC-BY-4.0,CC-BY-SA-3.0,CC-BY-SA-4.0,CC0-1.0",1
pal_0053_395083_231561,/home/manos/codes/neural-morphing/artifacts/validation/datasets/paper_eval_v1/palette_train/misc/0053_395083_231561.flac,44b4aefedbfa507ced4849a02df93cf370ec64c4463767cb11c59fe6fc7a60fb,CC0-1.0,https://freesound.org/people/sgcardinal/sounds/395083/,Freesound sound 395083,13.146292,48000,1,palette_train,,unknown,0.000000,13.146292,1,0,0,"exact-allowed-licenses: CC-BY-3.0,CC-BY-4.0,CC-BY-SA-3.0,CC-BY-SA-4.0,CC0-1.0",1
pal_0054_301581_231455,/home/manos/codes/neural-morphing/artifacts/validation/datasets/paper_eval_v1/palette_train/misc/0054_301581_231455.flac,835460396590c0e26b7e88bb7669455cd5c68f476972f73f80fffc9375dbfcc1,CC0-1.0,https://freesound.org/people/modularsamples/sounds/301581/,Freesound sound 301581,10.620167,48000,1,palette_train,,unknown,0.000000,10.620167,1,0,0,"exact-allowed-licenses: CC-BY-3.0,CC-BY-4.0,CC-BY-SA-3.0,CC-BY-SA-4.0,CC0-1.0",1
pal_0055_305988_231361,/home/manos/codes/neural-morphing/artifacts/validation/datasets/paper_eval_v1/palette_train/misc/0055_305988_231361.flac,f849994b9cc918d6ffb6162cadca5f0f426472ed625268adf27b1d7761154fcb,CC0-1.0,https://freesound.org/people/modularsamples/sounds/305988/,Freesound sound 305988,10.646354,48000,1,palette_train,,unknown,0.000000,10.646354,1,0,0,"exact-allowed-licenses: CC-BY-3.0,CC-BY-4.0,CC-BY-SA-3.0,CC-BY-SA-4.0,CC0-1.0",1
pal_0056_311442_231621,/home/manos/codes/neural-morphing/artifacts/validation/datasets/paper_eval_v1/palette_train/misc/0056_311442_231621.flac,27a2ed920d34fde42f5adcd6b3b9e15170db04421c542b30325fa3632bc8177b,CC0-1.0,https://freesound.org/people/modularsamples/sounds/311442/,Freesound sound 311442,9.450563,48000,1,palette_train,,unknown,0.000000,9.450563,1,0,0,"exact-allowed-licenses: CC-BY-3.0,CC-BY-4.0,CC-BY-SA-3.0,CC-BY-SA-4.0,CC0-1.0",1
pal_0057_592991_23142,/home/manos/codes/neural-morphing/artifacts/validation/datasets/paper_eval_v1/palette_train/misc/0057_592991_23142.flac,0316fd6c7a082bb9c9e019f742676cae55035f5a541a29e4b70c85bf20d631de,CC0-1.0,https://freesound.org/people/cooldudeseven7/sounds/592991/,Freesound sound 592991,6.480000,48000,1,palette_train,,unknown,0.000000,6.480000,1,0,0,"exact-allowed-licenses: CC-BY-3.0,CC-BY-4.0,CC-BY-SA-3.0,CC-BY-SA-4.0,CC0-1.0",1
pal_0058_313816_231604,/home/manos/codes/neural-morphing/artifacts/validation/datasets/paper_eval_v1/palette_train/misc/0058_313816_231604.flac,3f250c0cda2d753ca0d7a5c301f222b79af63ea134b03523b813b1e29ddd80bc,CC0-1.0,https://freesound.org/people/modularsamples/sounds/313816/,Freesound sound 313816,10.332896,48000,1,palette_train,,unknown,0.000000,10.332896,1,0,0,"exact-allowed-licenses: CC-BY-3.0,CC-BY-4.0,CC-BY-SA-3.0,CC-BY-SA-4.0,CC0-1.0",1
pal_0060_301466_231289,/home/manos/codes/neural-morphing/artifacts/validation/datasets/paper_eval_v1/palette_train/misc/0060_301466_231289.flac,bac30956a84dc797733c0b7ef10f8e6c316cb01a3059a87dc37c3877600492cd,CC0-1.0,https://freesound.org/people/modularsamples/sounds/301466/,Freesound sound 301466,10.020083,48000,1,palette_train,,unknown,0.000000,10.020083,1,0,0,"exact-allowed-licenses: CC-BY-3.0,CC-BY-4.0,CC-BY-SA-3.0,CC-BY-SA-4.0,CC0-1.0",1
pal_0063_247960_231281,/home/manos/codes/neural-morphing/artifacts/validation/datasets/paper_eval_v1/palette_train/misc/0063_247960_231281.flac,8f768b7c9b57d1ecc5c4b643304a47b058ae0953e0e8dd91ee51b1052dffd827,CC-BY-3.0,https://freesound.org/people/MTG/sounds/247960/,Freesound sound 247960,5.732667,48000,1,palette_train,,unknown,0.000000,5.732667,1,0,0,"exact-allowed-licenses: CC-BY-3.0,CC-BY-4.0,CC-BY-SA-3.0,CC-BY-SA-4.0,CC0-1.0",1
pal_0064_432661_231530,/home/manos/codes/neural-morphing/artifacts/validation/datasets/paper_eval_v1/palette_train/misc/0064_432661_231530.flac,589a4b178e11253c55e63e6e040442c748f0b02219319cec71902b7ecef54bc8,CC0-1.0,https://freesound.org/people/Schmaddio/sounds/432661/,Freesound sound 432661,7.393875,48000,1,palette_train,,unknown,0.000000,7.393875,1,0,0,"exact-allowed-licenses: CC-BY-3.0,CC-BY-4.0,CC-BY-SA-3.0,CC-BY-SA-4.0,CC0-1.0",1
pal_0065_247874_231587,/home/manos/codes/neural-morphing/artifacts/validation/datasets/paper_eval_v1/palette_train/misc/0065_247874_231587.flac,189b577a847f4792eda7e495294bfc3bf60b430aad63c881c1355c1cabe9c6f5,CC-BY-3.0,https://freesound.org/people/MTG/sounds/247874/,Freesound sound 247874,6.029354,48000,1,palette_train,,unknown,0.000000,6.029354,1,0,0,"exact-allowed-licenses: CC-BY-3.0,CC-BY-4.0,CC-BY-SA-3.0,CC-BY-SA-4.0,CC0-1.0",1
pal_0067_300373_2313,/home/manos/codes/neural-morphing/artifacts/validation/datasets/paper_eval_v1/palette_train/misc/0067_300373_2313.flac,146608bf8fcb144952695337cc833a678489c93578b14a07613b1508532db22c,CC0-1.0,https://freesound.org/people/modularsamples/sounds/300373/,Freesound sound 300373,10.390937,48000,1,palette_train,,unknown,0.000000,10.390937,1,0,0,"exact-allowed-licenses: CC-BY-3.0,CC-BY-4.0,CC-BY-SA-3.0,CC-BY-SA-4.0,CC0-1.0",1
pal_0068_432741_231665,/home/manos/codes/neural-morphing/artifacts/validation/datasets/paper_eval_v1/palette_train/misc/0068_432741_231665.flac,5da5c0d1a57d25e3e5ea4ca7ab3c27acd7dd45972610998168799159fb35e54a,CC-BY-3.0,https://freesound.org/people/xpoki/sounds/432741/,Freesound sound 432741,9.229938,48000,1,palette_train,,unknown,0.000000,9.229938,1,0,0,"exact-allowed-licenses: CC-BY-3.0,CC-BY-4.0,CC-BY-SA-3.0,CC-BY-SA-4.0,CC0-1.0",1
pal_0070_285704_231454,/home/manos/codes/neural-morphing/artifacts/validation/datasets/paper_eval_v1/palette_train/misc/0070_285704_231454.flac,13f7e277fce2464f4128db4063af60f036cc2529fc67d30ee02c3fd6da30541b,CC0-1.0,https://freesound.org/people/modularsamples/sounds/285704/,Freesound sound 285704,5.607625,48000,1,palette_train,,unknown,0.000000,5.607625,1,0,0,"exact-allowed-licenses: CC-BY-3.0,CC-BY-4.0,CC-BY-SA-3.0,CC-BY-SA-4.0,CC0-1.0",1
pal_0071_543698_231657,/home/manos/codes/neural-morphing/artifacts/validation/datasets/paper_eval_v1/palette_train/misc/0071_543698_231657.flac,b5359da91ef200aac55ef15bc61ab18d8da408a9e79543b5eedaf7ccace1e20d,CC0-1.0,https://freesound.org/people/200221-WeanBekker/sounds/543698/,Freesound sound 543698,12.000000,48000,1,palette_train,,unknown,0.000000,12.000000,1,0,0,"exact-allowed-licenses: CC-BY-3.0,CC-BY-4.0,CC-BY-SA-3.0,CC-BY-SA-4.0,CC0-1.0",1
pal_0072_448609_231550,/home/manos/codes/neural-morphing/artifacts/validation/datasets/paper_eval_v1/palette_train/misc/0072_448609_231550.flac,d326e60022596a5c74c28a7bc07b6e99e82fb14464ea1212fc1433fc28354a35,CC0-1.0,https://freesound.org/people/TEDAgame/sounds/448609/,Freesound sound 448609,10.142771,48000,1,palette_train,,unknown,0.000000,10.142771,1,0,0,"exact-allowed-licenses: CC-BY-3.0,CC-BY-4.0,CC-BY-SA-3.0,CC-BY-SA-4.0,CC0-1.0",1
pal_0073_29700_231628,/home/manos/codes/neural-morphing/artifacts/validation/datasets/paper_eval_v1/palette_train/misc/0073_29700_231628.flac,bb5650d6c46d6c0fe22490ff8cc85e2aad72cb647343599d4052f836fd543609,CC-BY-4.0,https://freesound.org/people/HerbertBoland/sounds/29700/,Freesound sound 29700,12.178812,48000,1,palette_train,,unknown,0.000000,12.178812,1,0,0,"exact-allowed-licenses: CC-BY-3.0,CC-BY-4.0,CC-BY-SA-3.0,CC-BY-SA-4.0,CC0-1.0",1
pal_0074_10514_231316,/home/manos/codes/neural-morphing/artifacts/validation/datasets/paper_eval_v1/palette_train/misc/0074_10514_231316.flac,0c7a92a9068e86d34a16366175ff3513251d6c98791a418de154c81301b432c6,CC0-1.0,https://freesound.org/people/batchku/sounds/10514/,Freesound sound 10514,5.671208,48000,1,palette_train,,unknown,0.000000,5.671208,1,0,0,"exact-allowed-licenses: CC-BY-3.0,CC-BY-4.0,CC-BY-SA-3.0,CC-BY-SA-4.0,CC0-1.0",1
pal_0075_301654_231540,/home/manos/codes/neural-morphing/artifacts/validation/datasets/paper_eval_v1/palette_train/misc/0075_301654_231540.flac,375d7e7d39ff8cc9eb4a63c2ea3d9dc6cc3d0aa8085f7609852c2f137367f760,CC0-1.0,https://freesound.org/people/modularsamples/sounds/301654/,Freesound sound 301654,10.692792,48000,1,palette_train,,unknown,0.000000,10.692792,1,0,0,"exact-allowed-licenses: CC-BY-3.0,CC-BY-4.0,CC-BY-SA-3.0,CC-BY-SA-4.0,CC0-1.0",1
pal_0076_359552_231611,/home/manos/codes/neural-morphing/artifacts/validation/datasets/paper_eval_v1/palette_train/misc/0076_359552_231611.flac,2ec4bea307721d52a1bcca0d2b96a1c0f1ba7ac4b4c4b47172f3fbbc11c2dd3d,CC-BY-3.0,https://freesound.org/people/MTG/sounds/359552/,Freesound sound 359552,7.061021,48000,1,palette_train,,unknown,0.000000,7.061021,1,0,0,"exact-allowed-licenses: CC-BY-3.0,CC-BY-4.0,CC-BY-SA-3.0,CC-BY-SA-4.0,CC0-1.0",1
pal_0077_472332_231318,/home/manos/codes/neural-morphing/artifacts/validation/datasets/paper_eval_v1/palette_train/misc/0077_472332_231318.flac,ea64c5dcbc7b741d5f77eb8190ce4c9e094896a931be06ab7d55fd7e871d5d89,CC0-1.0,https://freesound.org/people/ZeritFreeman/sounds/472332/,Freesound sound 472332,10.944583,48000,1,palette_train,,unknown,0.000000,10.944583,1,0,0,"exact-allowed-licenses: CC-BY-3.0,CC-BY-4.0,CC-BY-SA-3.0,CC-BY-SA-4.0,CC0-1.0",1
pal_0080_375037_231353,/home/manos/codes/neural-morphing/artifacts/validation/datasets/paper_eval_v1/palette_train/misc/0080_375037_231353.flac,1896146d0852cac1d028aa82f59da73e20dd55d426573eecc7ac9cf13dbcd29e,CC0-1.0,https://freesound.org/people/sgossner/sounds/375037/,Freesound sound 375037,8.974521,48000,1,palette_train,,unknown,0.000000,8.974521,1,0,0,"exact-allowed-licenses: CC-BY-3.0,CC-BY-4.0,CC-BY-SA-3.0,CC-BY-SA-4.0,CC0-1.0",1
pal_0082_301084_176002,/home/manos/codes/neural-morphing/artifacts/validation/datasets/paper_eval_v1/palette_train/misc/0082_301084_176002.flac,136f344f3320cfbb0d2c1fc9877d19a4e9851c68e2894714ddb40d44c402e227,CC0-1.0,https://freesound.org/people/modularsamples/sounds/301084/,Freesound sound 301084,8.417250,48000,1,palette_train,,unknown,0.000000,8.417250,1,0,0,"exact-allowed-licenses: CC-BY-3.0,CC-BY-4.0,CC-BY-SA-3.0,CC-BY-SA-4.0,CC0-1.0",1
pal_0083_443740_176165,/home/manos/codes/neural-morphing/artifacts/validation/datasets/paper_eval_v1/palette_train/misc/0083_443740_176165.flac,7337525fb31b4a70936f37b2b2bb12f72cd6d880adf44bb003b93d5c17ec6f59,CC0-1.0,https://freesound.org/people/ScarHand4200/sounds/443740/,Freesound sound 443740,6.128708,48000,1,palette_train,,unknown,0.000000,6.128708,1,0,0,"exact-allowed-licenses: CC-BY-3.0,CC-BY-4.0,CC-BY-SA-3.0,CC-BY-SA-4.0,CC0-1.0",1
pal_0084_411029_176255,/home/manos/codes/neural-morphing/artifacts/validation/datasets/paper_eval_v1/palette_train/misc/0084_411029_176255.flac,3f9ceee19f9f569f753c383b62c200615f6d7ca4c1276a9a3c761828d0d70481,CC0-1.0,https://freesound.org/people/1519050/sounds/411029/,Freesound sound 411029,5.645354,48000,1,palette_train,,unknown,0.000000,5.645354,1,0,0,"exact-allowed-licenses: CC-BY-3.0,CC-BY-4.0,CC-BY-SA-3.0,CC-BY-SA-4.0,CC0-1.0",1
pal_0085_406235_17607,/home/manos/codes/neural-morphing/artifacts/validation/datasets/paper_eval_v1/palette_train/misc/0085_406235_17607.flac,cf39a00e431f1f58ce2bab4fc5f06e770e488e5ba909d523e12e48ac603b2c38,CC0-1.0,https://freesound.org/people/_stubb/sounds/406235/,Freesound sound 406235,10.426667,48000,1,palette_train,,unknown,0.000000,10.426667,1,0,0,"exact-allowed-licenses: CC-BY-3.0,CC-BY-4.0,CC-BY-SA-3.0,CC-BY-SA-4.0,CC0-1.0",1
pal_0086_353685_176008,/home/manos/codes/neural-morphing/artifacts/validation/datasets/paper_eval_v1/palette_train/misc/0086_353685_176008.flac,0d09a581a4de3d1d0de9f65f0bd6ea629b8690ed4462988572810324bf63ca7c,CC0-1.0,https://freesound.org/people/tec_studio/sounds/353685/,Freesound sound 353685,12.044458,48000,1,palette_train,,unknown,0.000000,12.044458,1,0,0,"exact-allowed-licenses: CC-BY-3.0,CC-BY-4.0,CC-BY-SA-3.0,CC-BY-SA-4.0,CC0-1.0",1
pal_0087_612242_176332,/home/manos/codes/neural-morphing/artifacts/validation/datasets/paper_eval_v1/palette_train/misc/0087_612242_176332.flac,ea0e60132f5693c06306e51da010959e09f238174be1b976f5339f2765315b1a,CC-BY-4.0,https://freesound.org/people/minimumlabyrinth/sounds/612242/,Freesound sound 612242,7.245208,48000,1,palette_train,,unknown,0.000000,7.245208,1,0,0,"exact-allowed-licenses: CC-BY-3.0,CC-BY-4.0,CC-BY-SA-3.0,CC-BY-SA-4.0,CC0-1.0",1
pal_0088_313869_176271,/home/manos/codes/neural-morphing/artifacts/validation/datasets/paper_eval_v1/palette_train/misc/0088_313869_176271.flac,7223d0bcfd654209ab853085040b7b48a5bbf32e0ccb819867b6ca664ae3d9d0,CC0-1.0,https://freesound.org/people/modularsamples/sounds/313869/,Freesound sound 313869,10.007812,48000,1,palette_train,,unknown,0.000000,10.007812,1,0,0,"exact-allowed-licenses: CC-BY-3.0,CC-BY-4.0,CC-BY-SA-3.0,CC-BY-SA-4.0,CC0-1.0",1
pal_0089_134194_176013,/home/manos/codes/neural-morphing/artifacts/validation/datasets/paper_eval_v1/palette_train/misc/0089_134194_176013.flac,fa8537f76b626b48d967dc7dc20074d612725e8a6fc490551a01998cbee2b23e,CC-BY-4.0,https://freesound.org/people/quartertone/sounds/134194/,Freesound sound 134194,6.250000,48000,1,palette_train,,unknown,0.000000,6.250000,1,0,0,"exact-allowed-licenses: CC-BY-3.0,CC-BY-4.0,CC-BY-SA-3.0,CC-BY-SA-4.0,CC0-1.0",1
pal_0090_289552_175973,/home/manos/codes/neural-morphing/artifacts/validation/datasets/paper_eval_v1/palette_train/misc/0090_289552_175973.flac,70fe1d057d94336403334e6d25003fe39cae50bcd1e8f23b7b715478537919f6,CC0-1.0,https://freesound.org/people/modularsamples/sounds/289552/,Freesound sound 289552,10.251625,48000,1,palette_train,,unknown,0.000000,10.251625,1,0,0,"exact-allowed-licenses: CC-BY-3.0,CC-BY-4.0,CC-BY-SA-3.0,CC-BY-SA-4.0,CC0-1.0",1
pal_0092_620985_176213,/home/manos/codes/neural-morphing/artifacts/validation/datasets/paper_eval_v1/palette_train/misc/0092_620985_176213.flac,eff77d3c712c792cd48535f87e4e11fdceae54d55f350a56eb02ef250c174af8,CC-BY-4.0,https://freesound.org/people/esmeralda.alvarez/sounds/620985/,Freesound sound 620985,5.120000,48000,1,palette_train,,unknown,0.000000,5.120000,1,0,0,"exact-allowed-licenses: CC-BY-3.0,CC-BY-4.0,CC-BY-SA-3.0,CC-BY-SA-4.0,CC0-1.0",1
pal_0093_295524_17616,/home/manos/codes/neural-morphing/artifacts/validation/datasets/paper_eval_v1/palette_train/misc/0093_295524_17616.flac,8f2126120743ea7abceee1ae7c08e2e16a6c79303b1b28453d5868112cfa6a47,CC0-1.0,https://freesound.org/people/modularsamples/sounds/295524/,Freesound sound 295524,12.420563,48000,1,palette_train,,unknown,0.000000,12.420563,1,0,0,"exact-allowed-licenses: CC-BY-3.0,CC-BY-4.0,CC-BY-SA-3.0,CC-BY-SA-4.0,CC0-1.0",1
pal_0095_463183_176291,/home/manos/codes/neural-morphing/artifacts/validation/datasets/paper_eval_v1/palette_train/misc/0095_463183_176291.flac,9891947fdb5d9c5bec4a9b3750f39f34b61b50e060e2c267254947adff174eff,CC0-1.0,https://freesound.org/people/Soychmc/sounds/463183/,Freesound sound 463183,6.769375,48000,1,palette_train,,unknown,0.000000,6.769375,1,0,0,"exact-allowed-licenses: CC-BY-3.0,CC-BY-4.0,CC-BY-SA-3.0,CC-BY-SA-4.0,CC0-1.0",1
pal_0096_253636_176226,/home/manos/codes/neural-morphing/artifacts/validation/datasets/paper_eval_v1/palette_train/misc/0096_253636_176226.flac,c33acb1dbefb89e145e7416233a911de439957f407bb0db05f2edd9446533527,CC-BY-3.0,https://freesound.org/people/OMGUGMR/sounds/253636/,Freesound sound 253636,10.840833,48000,1,palette_train,,unknown,0.000000,10.840833,1,0,0,"exact-allowed-licenses: CC-BY-3.0,CC-BY-4.0,CC-BY-SA-3.0,CC-BY-SA-4.0,CC0-1.0",1
pal_0098_404092_176174,/home/manos/codes/neural-morphing/artifacts/validation/datasets/paper_eval_v1/palette_train/misc/0098_404092_176174.flac,75abfa691cb2143dd4ca76ed066fc07610554f4a9a7fba6e3f65136694c140f1,CC0-1.0,https://freesound.org/people/davilcol/sounds/404092/,Freesound sound 404092,8.680333,48000,1,palette_train,,unknown,0.000000,8.680333,1,0,0,"exact-allowed-licenses: CC-BY-3.0,CC-BY-4.0,CC-BY-SA-3.0,CC-BY-SA-4.0,CC0-1.0",1
pal_0099_299446_176083,/home/manos/codes/neural-morphing/artifacts/validation/datasets/paper_eval_v1/palette_train/misc/0099_299446_176083.flac,d223bcc341838742524cdbb9947e1bd2b05a53a4577d18d774a4dec6c7e6f07b,CC0-1.0,https://freesound.org/people/modularsamples/sounds/299446/,Freesound sound 299446,10.820542,48000,1,palette_train,,unknown,0.000000,10.820542,1,0,0,"exact-allowed-licenses: CC-BY-3.0,CC-BY-4.0,CC-BY-SA-3.0,CC-BY-SA-4.0,CC0-1.0",1
pal_0100_278311_176012,/home/manos/codes/neural-morphing/artifacts/validation/datasets/paper_eval_v1/palette_train/misc/0100_278311_176012.flac,e6865d47f346149be696939dbe9fba47bcc705dd4ec8def97bc76f41cbb27a0b,CC0-1.0,https://freesound.org/people/modularsamples/sounds/278311/,Freesound sound 278311,10.274833,48000,1,palette_train,,unknown,0.000000,10.274833,1,0,0,"exact-allowed-licenses: CC-BY-3.0,CC-BY-4.0,CC-BY-SA-3.0,CC-BY-SA-4.0,CC0-1.0",1
pal_0101_10482_176046,/home/manos/codes/neural-morphing/artifacts/validation/datasets/paper_eval_v1/palette_train/misc/0101_10482_176046.flac,84f48e1a5796c8fac2795100a6487e7c73296b1f68814b9f40d125784646e1cb,CC0-1.0,https://freesound.org/people/batchku/sounds/10482/,Freesound sound 10482,5.097521,48000,1,palette_train,,unknown,0.000000,5.097521,1,0,0,"exact-allowed-licenses: CC-BY-3.0,CC-BY-4.0,CC-BY-SA-3.0,CC-BY-SA-4.0,CC0-1.0",1
pal_0102_3083_176265,/home/manos/codes/neural-morphing/artifacts/validation/datasets/paper_eval_v1/palette_train/misc/0102_3083_176265.flac,2822736c4b216581c459a02af3ffa8fa6a1c410c91a0fc498fc45740f616d87f,CC-BY-4.0,https://freesound.org/people/Freed/sounds/3083/,Freesound sound 3083,10.945312,48000,1,palette_train,,unknown,0.000000,10.945312,1,0,0,"exact-allowed-licenses: CC-BY-3.0,CC-BY-4.0,CC-BY-SA-3.0,CC-BY-SA-4.0,CC0-1.0",1
pal_0103_512261_176158,/home/manos/codes/neural-morphing/artifacts/validation/datasets/paper_eval_v1/palette_train/misc/0103_512261_176158.flac,0b6819a333c3e4a345f34314b7410c323983e376bbd8fba7677c1bd687fae031,CC0-1.0,https://freesound.org/people/asvid123/sounds/512261/,Freesound sound 512261,8.000000,48000,1,palette_train,,unknown,0.000000,8.000000,1,0,0,"exact-allowed-licenses: CC-BY-3.0,CC-BY-4.0,CC-BY-SA-3.0,CC-BY-SA-4.0,CC0-1.0",1
pal_0104_311370_17631,/home/manos/codes/neural-morphing/artifacts/validation/datasets/paper_eval_v1/palette_train/misc/0104_311370_17631.flac,f0bfd89910464f33f5090cbf2eca806f5dae92216e6273bf582731934ead9cfe,CC0-1.0,https://freesound.org/people/modularsamples/sounds/311370/,Freesound sound 311370,11.482292,48000,1,palette_train,,unknown,0.000000,11.482292,1,0,0,"exact-allowed-licenses: CC-BY-3.0,CC-BY-4.0,CC-BY-SA-3.0,CC-BY-SA-4.0,CC0-1.0",1
pal_0105_301632_176135,/home/manos/codes/neural-morphing/artifacts/validation/datasets/paper_eval_v1/palette_train/misc/0105_301632_176135.flac,9abfb73643453bd34be538b2573dcd158297b0a165a4ff0a982ee0c9c4efa7d7,CC0-1.0,https://freesound.org/people/modularsamples/sounds/301632/,Freesound sound 301632,10.893708,48000,1,palette_train,,unknown,0.000000,10.893708,1,0,0,"exact-allowed-licenses: CC-BY-3.0,CC-BY-4.0,CC-BY-SA-3.0,CC-BY-SA-4.0,CC0-1.0",1
pal_0106_167418_175998,/home/manos/codes/neural-morphing/artifacts/validation/datasets/paper_eval_v1/palette_train/misc/0106_167418_175998.flac,3f510768df83758827f1cf2191af30273d84c33320c7593ff4aadcec10c0c3c6,CC0-1.0,https://freesound.org/people/Skirox/sounds/167418/,Freesound sound 167418,6.219792,48000,1,palette_train,,unknown,0.000000,6.219792,1,0,0,"exact-allowed-licenses: CC-BY-3.0,CC-BY-4.0,CC-BY-SA-3.0,CC-BY-SA-4.0,CC0-1.0",1
pal_0107_477745_176252,/home/manos/codes/neural-morphing/artifacts/validation/datasets/paper_eval_v1/palette_train/misc/0107_477745_176252.flac,ca308b9b78245c8e6e697763edae1870fe0af1170dd6a86248586a12e8c4ac2d,CC0-1.0,https://freesound.org/people/FacelessKing/sounds/477745/,Freesound sound 477745,5.225562,48000,1,palette_train,,unknown,0.000000,5.225562,1,0,0,"exact-allowed-licenses: CC-BY-3.0,CC-BY-4.0,CC-BY-SA-3.0,CC-BY-SA-4.0,CC0-1.0",1
pal_0111_218483_17625,/home/manos/codes/neural-morphing/artifacts/validation/datasets/paper_eval_v1/palette_train/misc/0111_218483_17625.flac,d066c32f1c7701bf9c81c2e41d315d4007b11f34a5e674c043053a1b33b53d64,CC-BY-4.0,https://freesound.org/people/Yap_Audio_Production/sounds/218483/,Freesound sound 218483,14.210625,48000,1,palette_train,,unknown,0.000000,14.210625,1,0,0,"exact-allowed-licenses: CC-BY-3.0,CC-BY-4.0,CC-BY-SA-3.0,CC-BY-SA-4.0,CC0-1.0",1
pal_0113_480294_176156,/home/manos/codes/neural-morphing/artifacts/validation/datasets/paper_eval_v1/palette_train/misc/0113_480294_176156.flac,88dbdc0a0e4d009d54d34a78d0b08139672dee637803054c4ea55d69c6ac6468,CC0-1.0,https://freesound.org/people/nereatruiz/sounds/480294/,Freesound sound 480294,5.990750,48000,1,palette_train,,unknown,0.000000,5.990750,1,0,0,"exact-allowed-licenses: CC-BY-3.0,CC-BY-4.0,CC-BY-SA-3.0,CC-BY-SA-4.0,CC0-1.0",1
pal_0114_12004_176049,/home/manos/codes/neural-morphing/artifacts/validation/datasets/paper_eval_v1/palette_train/misc/0114_12004_176049.flac,169a75b63490601fe64d856fe1810f80b65b4cae99931da85bcf12535a13617d,CC0-1.0,https://freesound.org/people/SpeedY/sounds/12004/,Freesound sound 12004,5.729146,48000,1,palette_train,,unknown,0.000000,5.729146,1,0,0,"exact-allowed-licenses: CC-BY-3.0,CC-BY-4.0,CC-BY-SA-3.0,CC-BY-SA-4.0,CC0-1.0",1
pal_0115_245086_17599,/home/manos/codes/neural-morphing/artifacts/validation/datasets/paper_eval_v1/palette_train/misc/0115_245086_17599.flac,0f1bb0fc199ce93459dce53912136c74d8faa640baa9c98db6c9909f856f94a6,CC0-1.0,https://freesound.org/people/Aiyumi/sounds/245086/,Freesound sound 245086,5.263958,48000,1,palette_train,,unknown,0.000000,5.263958,1,0,0,"exact-allowed-licenses: CC-BY-3.0,CC-BY-4.0,CC-BY-SA-3.0,CC-BY-SA-4.0,CC0-1.0",1
pal_0117_68736_176294,/home/manos/codes/neural-morphing/artifacts/validation/datasets/paper_eval_v1/palette_train/misc/0117_68736_176294.flac,8c64157f4566fcc06102b50d29854cda1ec9c08c912c2b43fab00ab7810b8179,CC-BY-4.0,https://freesound.org/people/mikaelfernstrom/sounds/68736/,Freesound sound 68736,8.452083,48000,1,palette_train,,unknown,0.000000,8.452083,1,0,0,"exact-allowed-licenses: CC-BY-3.0,CC-BY-4.0,CC-BY-SA-3.0,CC-BY-SA-4.0,CC0-1.0",1
pal_0118_521514_176179,/home/manos/codes/neural-morphing/artifacts/validation/datasets/paper_eval_v1/palette_train/misc/0118_521514_176179.flac,aa1b7a5b340d5972b4d6483b381c792c5e19c8423de6ff68e3f0eb9eca58344b,CC-BY-4.0,https://freesound.org/people/SynBioTec/sounds/521514/,Freesound sound 521514,11.128167,48000,1,palette_train,,unknown,0.000000,11.128167,1,0,0,"exact-allowed-licenses: CC-BY-3.0,CC-BY-4.0,CC-BY-SA-3.0,CC-BY-SA-4.0,CC0-1.0",1
pal_0119_359203_176180,/home/manos/codes/neural-morphing/artifacts/validation/datasets/paper_eval_v1/palette_train/misc/0119_359203_176180.flac,92ee6dc13b8dd6e792e882d935db52e49b99dbce66a6bdc2cac2d1f3d7f1f1f3,CC-BY-3.0,https://freesound.org/people/MTG/sounds/359203/,Freesound sound 359203,6.250667,48000,1,palette_train,,unknown,0.000000,6.250667,1,0,0,"exact-allowed-licenses: CC-BY-3.0,CC-BY-4.0,CC-BY-SA-3.0,CC-BY-SA-4.0,CC0-1.0",1
pal_0123_184055_176072,/home/manos/codes/neural-morphing/artifacts/validation/datasets/paper_eval_v1/palette_train/misc/0123_184055_176072.flac,ee9558e2b6c617fddbb861a49bf00706acffc1db498fa6bf856395f4fe7a070a,CC0-1.0,https://freesound.org/people/jcarrascovazquez/sounds/184055/,Freesound sound 184055,13.323708,48000,1,palette_train,,unknown,0.000000,13.323708,1,0,0,"exact-allowed-licenses: CC-BY-3.0,CC-BY-4.0,CC-BY-SA-3.0,CC-BY-SA-4.0,CC0-1.0",1
pal_0124_594431_17600,/home/manos/codes/neural-morphing/artifacts/validation/datasets/paper_eval_v1/palette_train/misc/0124_594431_17600.flac,a8da20f8f8d98c5950b8cf17340e33dd531464fca211265d01453a1903e4aafd,CC-BY-3.0,https://freesound.org/people/rubenvvuuren/sounds/594431/,Freesound sound 594431,7.999875,48000,1,palette_train,,unknown,0.000000,7.999875,1,0,0,"exact-allowed-licenses: CC-BY-3.0,CC-BY-4.0,CC-BY-SA-3.0,CC-BY-SA-4.0,CC0-1.0",1
pal_0125_461586_176043,/home/manos/codes/neural-morphing/artifacts/validation/datasets/paper_eval_v1/palette_train/misc/0125_461586_176043.flac,8eb1cccc9ae103813e33586b4db9b2d2af13e9d2c04255987758de9e63b2e402,CC0-1.0,https://freesound.org/people/15HJakubcovaN/sounds/461586/,Freesound sound 461586,9.418542,48000,1,palette_train,,unknown,0.000000,9.418542,1,0,0,"exact-allowed-licenses: CC-BY-3.0,CC-BY-4.0,CC-BY-SA-3.0,CC-BY-SA-4.0,CC0-1.0",1
pal_0127_314282_176100,/home/manos/codes/neural-morphing/artifacts/validation/datasets/paper_eval_v1/palette_train/misc/0127_314282_176100.flac,daf60d4a8bfabd100af3a66102530ae3f4b4df966fb44668c301e7f7d09af7bd,CC0-1.0,https://freesound.org/people/modularsamples/sounds/314282/,Freesound sound 314282,10.866958,48000,1,palette_train,,unknown,0.000000,10.866958,1,0,0,"exact-allowed-licenses: CC-BY-3.0,CC-BY-4.0,CC-BY-SA-3.0,CC-BY-SA-4.0,CC0-1.0",1
pal_0128_588365_175963,/home/manos/codes/neural-morphing/artifacts/validation/datasets/paper_eval_v1/palette_train/misc/0128_588365_175963.flac,9182f744708788f743b2c18f237f3a57c3c8aef8e93f9d80bd39d059fa8d7789,CC-BY-3.0,https://freesound.org/people/class-D/sounds/588365/,Freesound sound 588365,7.000000,48000,1,palette_train,,unknown,0.000000,7.000000,1,0,0,"exact-allowed-licenses: CC-BY-3.0,CC-BY-4.0,CC-BY-SA-3.0,CC-BY-SA-4.0,CC0-1.0",1
pal_0129_312095_176103,/home/manos/codes/neural-morphing/artifacts/validation/datasets/paper_eval_v1/palette_train/misc/0129_312095_176103.flac,0c264da118f7f9b489df7fbc531519378fe0993e1168921eaeb23e50c9040862,CC0-1.0,https://freesound.org/people/modularsamples/sounds/312095/,Freesound sound 312095,10.263229,48000,1,palette_train,,unknown,0.000000,10.263229,1,0,0,"exact-allowed-licenses: CC-BY-3.0,CC-BY-4.0,CC-BY-SA-3.0,CC-BY-SA-4.0,CC0-1.0",1
pal_0130_268952_176330,/home/manos/codes/neural-morphing/artifacts/validation/datasets/paper_eval_v1/palette_train/misc/0130_268952_176330.flac,ad2b00a2478c720583b23e243f3d59fc02e4da5c861d26df2401b78fbf53ab56,CC0-1.0,https://freesound.org/people/xspackets/sounds/268952/,Freesound sound 268952,14.304000,48000,1,palette_train,,unknown,0.000000,14.304000,1,0,0,"exact-allowed-licenses: CC-BY-3.0,CC-BY-4.0,CC-BY-SA-3.0,CC-BY-SA-4.0,CC0-1.0",1
pal_0131_497225_175986,/home/manos/codes/neural-morphing/artifacts/validation/datasets/paper_eval_v1/palette_train/misc/0131_497225_175986.flac,e28bafe723db9ebb5050b2e8289eedfcd33736c9a8f1edef3df707c3800c7bbb,CC-BY-4.0,https://freesound.org/people/The_Sample_Workshop/sounds/497225/,Freesound sound 497225,6.969729,48000,1,palette_train,,unknown,0.000000,6.969729,1,0,0,"exact-allowed-licenses: CC-BY-3.0,CC-BY-4.0,CC-BY-SA-3.0,CC-BY-SA-4.0,CC0-1.0",1
pal_0132_628056_176149,/home/manos/codes/neural-morphing/artifacts/validation/datasets/paper_eval_v1/palette_train/misc/0132_628056_176149.flac,2fd305e921b4bdcde7f569ee09ed9d321167d78d3cb6b73dc715a371c3dc9ee9,CC-BY-4.0,https://freesound.org/people/The_Sample_Workshop/sounds/628056/,Freesound sound 628056,7.568021,48000,1,palette_train,,unknown,0.000000,7.568021,1,0,0,"exact-allowed-licenses: CC-BY-3.0,CC-BY-4.0,CC-BY-SA-3.0,CC-BY-SA-4.0,CC0-1.0",1
pal_0133_288132_17604,/home/manos/codes/neural-morphing/artifacts/validation/datasets/paper_eval_v1/palette_train/misc/0133_288132_17604.flac,de4f53a4c0b07c911b6d47dcabf5624cc40964115888a3290ba23c885c09514f,CC0-1.0,https://freesound.org/people/modularsamples/sounds/288132/,Freesound sound 288132,10.309667,48000,1,palette_train,,unknown,0.000000,10.309667,1,0,0,"exact-allowed-licenses: CC-BY-3.0,CC-BY-4.0,CC-BY-SA-3.0,CC-BY-SA-4.0,CC0-1.0",1
pal_0135_267395_176059,/home/manos/codes/neural-morphing/artifacts/validation/datasets/paper_eval_v1/palette_train/misc/0135_267395_176059.flac,d060cb386a37aee9e51576ff6a5e9de41891e1075977010311397d58b7e78653,CC0-1.0,https://freesound.org/people/Crusoe_diplomat/sounds/267395/,Freesound sound 267395,5.329000,48000,1,palette_train,,unknown,0.000000,5.329000,1,0,0,"exact-allowed-licenses: CC-BY-3.0,CC-BY-4.0,CC-BY-SA-3.0,CC-BY-SA-4.0,CC0-1.0",1
pal_0136_358500_176168,/home/manos/codes/neural-morphing/artifacts/validation/datasets/paper_eval_v1/palette_train/misc/0136_358500_176168.flac,36a598831d3109d452dd6db06b38b79820c0cc58a7a87a42cf30921c7a5034b3,CC-BY-3.0,https://freesound.org/people/MTG/sounds/358500/,Freesound sound 358500,6.080000,48000,1,palette_train,,unknown,0.000000,6.080000,1,0,0,"exact-allowed-licenses: CC-BY-3.0,CC-BY-4.0,CC-BY-SA-3.0,CC-BY-SA-4.0,CC0-1.0",1
pal_0138_275476_176161,/home/manos/codes/neural-morphing/artifacts/validation/datasets/paper_eval_v1/palette_train/misc/0138_275476_176161.flac,f6f10c4415e1606e4181f946c9d1f5c696313f9e611ed785ee1aa743b1d899d7,CC0-1.0,https://freesound.org/people/NOTOTO84/sounds/275476/,Freesound sound 275476,12.000000,48000,1,palette_train,,unknown,0.000000,12.000000,1,0,0,"exact-allowed-licenses: CC-BY-3.0,CC-BY-4.0,CC-BY-SA-3.0,CC-BY-SA-4.0,CC0-1.0",1
pal_0139_289590_176085,/home/manos/codes/neural-morphing/artifacts/validation/datasets/paper_eval_v1/palette_train/misc/0139_289590_176085.flac,0f89135e93943645282f9dfc49e45406a108d74f69336380feb8fd22cba0e52c,CC0-1.0,https://freesound.org/people/modularsamples/sounds/289590/,Freesound sound 289590,10.309667,48000,1,palette_train,,unknown,0.000000,10.309667,1,0,0,"exact-allowed-licenses: CC-BY-3.0,CC-BY-4.0,CC-BY-SA-3.0,CC-BY-SA-4.0,CC0-1.0",1
pal_0141_88476_176340,/home/manos/codes/neural-morphing/artifacts/validation/datasets/paper_eval_v1/palette_train/misc/0141_88476_176340.flac,cac815712a61f0877c2a1d33dbade4eb430b2a4a309df6eec18fdd77dcb21667,CC0-1.0,https://freesound.org/people/davidou/sounds/88476/,Freesound sound 88476,5.224500,48000,1,palette_train,,unknown,0.000000,5.224500,1,0,0,"exact-allowed-licenses: CC-BY-3.0,CC-BY-4.0,CC-BY-SA-3.0,CC-BY-SA-4.0,CC0-1.0",1
pal_0142_456130_176302,/home/manos/codes/neural-morphing/artifacts/validation/datasets/paper_eval_v1/palette_train/misc/0142_456130_176302.flac,22ec3b15833d7dc37bf44dad35257faf8f184b5615d9d0be6fca7b406b4707a2,CC-BY-4.0,https://freesound.org/people/gouldem/sounds/456130/,Freesound sound 456130,11.000000,48000,1,palette_train,,unknown,0.000000,11.000000,1,0,0,"exact-allowed-licenses: CC-BY-3.0,CC-BY-4.0,CC-BY-SA-3.0,CC-BY-SA-4.0,CC0-1.0",1
pal_0143_300910_176074,/home/manos/codes/neural-morphing/artifacts/validation/datasets/paper_eval_v1/palette_train/misc/0143_300910_176074.flac,7ea57519ecdf7353159b564401227aa931b3553ab0a000ed471b4c3864bdc489,CC0-1.0,https://freesound.org/people/modularsamples/sounds/300910/,Freesound sound 300910,12.016333,48000,1,palette_train,,unknown,0.000000,12.016333,1,0,0,"exact-allowed-licenses: CC-BY-3.0,CC-BY-4.0,CC-BY-SA-3.0,CC-BY-SA-4.0,CC0-1.0",1
pal_0144_351122_176280,/home/manos/codes/neural-morphing/artifacts/validation/datasets/paper_eval_v1/palette_train/misc/0144_351122_176280.flac,5fa683d4b5b0a2efe135ce0f2a8881a3d94b13e254d78ebda15455c29ae4c761,CC-BY-4.0,https://freesound.org/people/msantoro11/sounds/351122/,Freesound sound 351122,9.621833,48000,1,palette_train,,unknown,0.000000,9.621833,1,0,0,"exact-allowed-licenses: CC-BY-3.0,CC-BY-4.0,CC-BY-SA-3.0,CC-BY-SA-4.0,CC0-1.0",1
pal_0145_294919_176001,/home/manos/codes/neural-morphing/artifacts/validation/datasets/paper_eval_v1/palette_train/misc/0145_294919_176001.flac,fe905b5b4a2dfcf2e38bfcdcf6e5e4e031bdc8488bc3acbad137f7a3eaa2d92f,CC0-1.0,https://freesound.org/people/modularsamples/sounds/294919/,Freesound sound 294919,9.462146,48000,1,palette_train,,unknown,0.000000,9.462146,1,0,0,"exact-allowed-licenses: CC-BY-3.0,CC-BY-4.0,CC-BY-SA-3.0,CC-BY-SA-4.0,CC0-1.0",1
pal_0146_302560_176338,/home/manos/codes/neural-morphing/artifacts/validation/datasets/paper_eval_v1/palette_train/misc/0146_302560_176338.flac,eda8ca200dbff72c1b7cf1742ad5057a12948614e3a2d58192f28a4f33009764,CC0-1.0,https://freesound.org/people/modularsamples/sounds/302560/,Freesound sound 302560,11.262625,48000,1,palette_train,,unknown,0.000000,11.262625,1,0,0,"exact-allowed-licenses: CC-BY-3.0,CC-BY-4.0,CC-BY-SA-3.0,CC-BY-SA-4.0,CC0-1.0",1
pal_0147_181531_176229,/home/manos/codes/neural-morphing/artifacts/validation/datasets/paper_eval_v1/palette_train/misc/0147_181531_176229.flac,b2620050a6d3b772379cea11088f60ef5b8e5878186c2960c48bb4aab0e99642,CC0-1.0,https://freesound.org/people/stomachache/sounds/181531/,Freesound sound 181531,10.532521,48000,1,palette_train,,unknown,0.000000,10.532521,1,0,0,"exact-allowed-licenses: CC-BY-3.0,CC-BY-4.0,CC-BY-SA-3.0,CC-BY-SA-4.0,CC0-1.0",1
pal_0150_59871_175976,/home/manos/codes/neural-morphing/artifacts/validation/datasets/paper_eval_v1/palette_train/misc/0150_59871_175976.flac,f79a6cb21b37f749cb2df5ccb79214436504318b05b772aaf994d1ce4da4debd,CC-BY-4.0,https://freesound.org/people/delphidebrain/sounds/59871/,Freesound sound 59871,12.486271,48000,1,palette_train,,unknown,0.000000,12.486271,1,0,0,"exact-allowed-licenses: CC-BY-3.0,CC-BY-4.0,CC-BY-SA-3.0,CC-BY-SA-4.0,CC0-1.0",1
pal_0151_282133_176064,/home/manos/codes/neural-morphing/artifacts/validation/datasets/paper_eval_v1/palette_train/misc/0151_282133_176064.flac,d7a51dfddc9c0bf74cf56ae0443059790cc1c518db58ebf2512758f7c8bb5b3d,CC0-1.0,https://freesound.org/people/modularsamples/sounds/282133/,Freesound sound 282133,9.717562,48000,1,palette_train,,unknown,0.000000,9.717562,1,0,0,"exact-allowed-licenses: CC-BY-3.0,CC-BY-4.0,CC-BY-SA-3.0,CC-BY-SA-4.0,CC0-1.0",1
pal_0153_297666_175968,/home/manos/codes/neural-morphing/artifacts/validation/datasets/paper_eval_v1/palette_train/misc/0153_297666_175968.flac,1c59f33be2a21a02718dc13ca01c90cacaaf310d2be241b1ee6734ed38c2ed60,CC0-1.0,https://freesound.org/people/modularsamples/sounds/297666/,Freesound sound 297666,5.874667,48000,1,palette_train,,unknown,0.000000,5.874667,1,0,0,"exact-allowed-licenses: CC-BY-3.0,CC-BY-4.0,CC-BY-SA-3.0,CC-BY-SA-4.0,CC0-1.0",1
pal_0154_303794_176102,/home/manos/codes/neural-morphing/artifacts/validation/datasets/paper_eval_v1/palette_train/misc/0154_303794_176102.flac,c0459897c66b4a36a5ed5feaa551b0659be53626e7a0a7be4c00474b3822a12a,CC0-1.0,https://freesound.org/people/modularsamples/sounds/303794/,Freesound sound 303794,10.469000,48000,1,palette_train,,unknown,0.000000,10.469000,1,0,0,"exact-allowed-licenses: CC-BY-3.0,CC-BY-4.0,CC-BY-SA-3.0,CC-BY-SA-4.0,CC0-1.0",1
pal_0155_357254_176134,/home/manos/codes/neural-morphing/artifacts/validation/datasets/paper_eval_v1/palette_train/misc/0155_357254_176134.flac,1f2db19c15b69dc41cc541862b13899dab4d0936956b4d5b191881c3249b64ba,CC-BY-3.0,https://freesound.org/people/MTG/sounds/357254/,Freesound sound 357254,7.566438,48000,1,palette_train,,unknown,0.000000,7.566438,1,0,0,"exact-allowed-licenses: CC-BY-3.0,CC-BY-4.0,CC-BY-SA-3.0,CC-BY-SA-4.0,CC0-1.0",1
pal_0156_157616_176162,/home/manos/codes/neural-morphing/artifacts/validation/datasets/paper_eval_v1/palette_train/misc/0156_157616_176162.flac,56cd3ebd6b2df1f1bf0112b0290f6fc91fae236228b9391a21a1c8685f54330a,CC0-1.0,https://freesound.org/people/bspiller5/sounds/157616/,Freesound sound 157616,8.490667,48000,1,palette_train,,unknown,0.000000,8.490667,1,0,0,"exact-allowed-licenses: CC-BY-3.0,CC-BY-4.0,CC-BY-SA-3.0,CC-BY-SA-4.0,CC0-1.0",1
pal_0157_318679_17612,/home/manos/codes/neural-morphing/artifacts/validation/datasets/paper_eval_v1/palette_train/misc/0157_318679_17612.flac,7f05e1456886a7a3e63fa601d041a19166e2c2e63600751bcefb142e7954f280,CC-BY-4.0,https://freesound.org/people/InspectorJ/sounds/318679/,Freesound sound 318679,11.444417,48000,1,palette_train,,unknown,0.000000,11.444417,1,0,0,"exact-allowed-licenses: CC-BY-3.0,CC-BY-4.0,CC-BY-SA-3.0,CC-BY-SA-4.0,CC0-1.0",1
pal_0159_56090_176347,/home/manos/codes/neural-morphing/artifacts/validation/datasets/paper_eval_v1/palette_train/misc/0159_56090_176347.flac,8111efacbcbe6e90bc0764788c63f02f36bdd276299989a5dc80468ce95d41c8,CC0-1.0,https://freesound.org/people/ldk1609/sounds/56090/,Freesound sound 56090,8.354188,48000,1,palette_train,,unknown,0.000000,8.354188,1,0,0,"exact-allowed-licenses: CC-BY-3.0,CC-BY-4.0,CC-BY-SA-3.0,CC-BY-SA-4.0,CC0-1.0",1
pal_0160_289153_176052,/home/manos/codes/neural-morphing/artifacts/validation/datasets/paper_eval_v1/palette_train/misc/0160_289153_176052.flac,bf6aa72dbfba0a3ff7a5f2142f0f1f50aa3ca19deb07486e1e5a3be1de9ef509,CC0-1.0,https://freesound.org/people/modularsamples/sounds/289153/,Freesound sound 289153,13.688042,48000,1,palette_train,,unknown,0.000000,13.688042,1,0,0,"exact-allowed-licenses: CC-BY-3.0,CC-BY-4.0,CC-BY-SA-3.0,CC-BY-SA-4.0,CC0-1.0",1
pal_0161_450935_176038,/home/manos/codes/neural-morphing/artifacts/validation/datasets/paper_eval_v1/palette_train/misc/0161_450935_176038.flac,e4de01854a5434f67a68fb14be802dd31a552d3fbd998028e89fb411a75ab9d7,CC0-1.0,https://freesound.org/people/kyles/sounds/450935/,Freesound sound 450935,6.798458,48000,1,palette_train,,unknown,0.000000,6.798458,1,0,0,"exact-allowed-licenses: CC-BY-3.0,CC-BY-4.0,CC-BY-SA-3.0,CC-BY-SA-4.0,CC0-1.0",1
pal_0163_262291_176182,/home/manos/codes/neural-morphing/artifacts/validation/datasets/paper_eval_v1/palette_train/misc/0163_262291_176182.flac,974ec896f447a2f0e03f9f3980ae409b3898ef4979fbd402a59c9cade149a5cb,CC0-1.0,https://freesound.org/people/SimJoo/sounds/262291/,Freesound sound 262291,5.896438,48000,1,palette_train,,unknown,0.000000,5.896438,1,0,0,"exact-allowed-licenses: CC-BY-3.0,CC-BY-4.0,CC-BY-SA-3.0,CC-BY-SA-4.0,CC0-1.0",1
pal_0164_501971_17623,/home/manos/codes/neural-morphing/artifacts/validation/datasets/paper_eval_v1/palette_train/misc/0164_501971_17623.flac,f86b19278eeb31a14b66986ce5b92e9ebab06154eec2bccf4d97eeb5e1c10fe8,CC0-1.0,https://freesound.org/people/PhonosUPF/sounds/501971/,Freesound sound 501971,11.054250,48000,1,palette_train,,unknown,0.000000,11.054250,1,0,0,"exact-allowed-licenses: CC-BY-3.0,CC-BY-4.0,CC-BY-SA-3.0,CC-BY-SA-4.0,CC0-1.0",1
pal_0166_238877_176282,/home/manos/codes/neural-morphing/artifacts/validation/datasets/paper_eval_v1/palette_train/misc/0166_238877_176282.flac,03dadc7adf3268eede0f4b0772dc233ca81e5458ebb7254bb2447d75f5df7bcb,CC-BY-3.0,https://freesound.org/people/vumseplutten1709/sounds/238877/,Freesound sound 238877,12.583625,48000,1,palette_train,,unknown,0.000000,12.583625,1,0,0,"exact-allowed-licenses: CC-BY-3.0,CC-BY-4.0,CC-BY-SA-3.0,CC-BY-SA-4.0,CC0-1.0",1
pal_0167_218711_176114,/home/manos/codes/neural-morphing/artifacts/validation/datasets/paper_eval_v1/palette_train/misc/0167_218711_176114.flac,b77f3f3a5910030a0d56c72ed014d067eed0800a91f0f8147abe9a9d8deeac59,CC-BY-4.0,https://freesound.org/people/DANMITCH3LL/sounds/218711/,Freesound sound 218711,6.250000,48000,1,palette_train,,unknown,0.000000,6.250000,1,0,0,"exact-allowed-licenses: CC-BY-3.0,CC-BY-4.0,CC-BY-SA-3.0,CC-BY-SA-4.0,CC0-1.0",1
pal_0168_69001_176211,/home/manos/codes/neural-morphing/artifacts/validation/datasets/paper_eval_v1/palette_train/misc/0168_69001_176211.flac,de63e5eb00054d9cf7375d4a40e2d01c9efd200f41f4e2a0fa6167e67badaf4b,CC-BY-3.0,https://freesound.org/people/barrigan/sounds/69001/,Freesound sound 69001,9.496313,48000,1,palette_train,,unknown,0.000000,9.496313,1,0,0,"exact-allowed-licenses: CC-BY-3.0,CC-BY-4.0,CC-BY-SA-3.0,CC-BY-SA-4.0,CC0-1.0",1
pal_0171_138680_176190,/home/manos/codes/neural-morphing/artifacts/validation/datasets/paper_eval_v1/palette_train/misc/0171_138680_176190.flac,9ef2056431c838aebb29657e53d036ab6a27e890f321454a3b3ed953f7701290,CC0-1.0,https://freesound.org/people/haydensayshi123/sounds/138680/,Freesound sound 138680,5.485729,48000,1,palette_train,,unknown,0.000000,5.485729,1,0,0,"exact-allowed-licenses: CC-BY-3.0,CC-BY-4.0,CC-BY-SA-3.0,CC-BY-SA-4.0,CC0-1.0",1
pal_0172_279726_176192,/home/manos/codes/neural-morphing/artifacts/validation/datasets/paper_eval_v1/palette_train/misc/0172_279726_176192.flac,5f0bff9776fb294d8be0f20c6a707193cb408e8822c0266a53e4ae538b182873,CC0-1.0,https://freesound.org/people/modularsamples/sounds/279726/,Freesound sound 279726,13.374708,48000,1,palette_train,,unknown,0.000000,13.374708,1,0,0,"exact-allowed-licenses: CC-BY-3.0,CC-BY-4.0,CC-BY-SA-3.0,CC-BY-SA-4.0,CC0-1.0",1
pal_0173_77394_176000,/home/manos/codes/neural-morphing/artifacts/validation/datasets/paper_eval_v1/palette_train/misc/0173_77394_176000.flac,dc1d843ef8720aabb9451d412611f8a928351876b3df53af237ddde4c2850cf7,CC0-1.0,https://freesound.org/people/bigjoedrummer/sounds/77394/,Freesound sound 77394,5.005729,48000,1,palette_train,,unknown,0.000000,5.005729,1,0,0,"exact-allowed-licenses: CC-BY-3.0,CC-BY-4.0,CC-BY-SA-3.0,CC-BY-SA-4.0,CC0-1.0",1
pal_0174_246021_176256,/home/manos/codes/neural-morphing/artifacts/validation/datasets/paper_eval_v1/palette_train/misc/0174_246021_176256.flac,327550e719eb2c62b709583432176e6a1cb771ada2f8f112de738c5083c16155,CC-BY-3.0,https://freesound.org/people/sampeter/sounds/246021/,Freesound sound 246021,5.572292,48000,1,palette_train,,unknown,0.000000,5.572292,1,0,0,"exact-allowed-licenses: CC-BY-3.0,CC-BY-4.0,CC-BY-SA-3.0,CC-BY-SA-4.0,CC0-1.0",1
pal_0176_288014_176322,/home/manos/codes/neural-morphing/artifacts/validation/datasets/paper_eval_v1/palette_train/misc/0176_288014_176322.flac,9aa522fdc0b40b28ad8afaa57367d18e8dec7edec49cebf0620dc3707c2b5756,CC0-1.0,https://freesound.org/people/modularsamples/sounds/288014/,Freesound sound 288014,5.549583,48000,1,palette_train,,unknown,0.000000,5.549583,1,0,0,"exact-allowed-licenses: CC-BY-3.0,CC-BY-4.0,CC-BY-SA-3.0,CC-BY-SA-4.0,CC0-1.0",1
pal_0177_299730_176144,/home/manos/codes/neural-morphing/artifacts/validation/datasets/paper_eval_v1/palette_train/misc/0177_299730_176144.flac,75db3322f6a665130b1a6731228dcb99c3904ff5fe39079758f69ee96683735c,CC0-1.0,https://freesound.org/people/modularsamples/sounds/299730/,Freesound sound 299730,11.505521,48000,1,palette_train,,unknown,0.000000,11.505521,1,0,0,"exact-allowed-licenses: CC-BY-3.0,CC-BY-4.0,CC-BY-SA-3.0,CC-BY-SA-4.0,CC0-1.0",1
pal_0178_305024_176150,/home/manos/codes/neural-morphing/artifacts/validation/datasets/paper_eval_v1/palette_train/misc/0178_305024_176150.flac,a66bab1674775145c9c63431eff3d0c9be9a0a0ec1b0e1b11568b30ce81d759d,CC0-1.0,https://freesound.org/people/modularsamples/sounds/305024/,Freesound sound 305024,11.145583,48000,1,palette_train,,unknown,0.000000,11.145583,1,0,0,"exact-allowed-licenses: CC-BY-3.0,CC-BY-4.0,CC-BY-SA-3.0,CC-BY-SA-4.0,CC0-1.0",1
pal_0179_305733_176317,/home/manos/codes/neural-morphing/artifacts/validation/datasets/paper_eval_v1/palette_train/misc/0179_305733_176317.flac,10bdce1c1b97b6d691003651b20f1d1709f4c43074b8ab4392687fee73e20a4e,CC0-1.0,https://freesound.org/people/modularsamples/sounds/305733/,Freesound sound 305733,6.234563,48000,1,palette_train,,unknown,0.000000,6.234563,1,0,0,"exact-allowed-licenses: CC-BY-3.0,CC-BY-4.0,CC-BY-SA-3.0,CC-BY-SA-4.0,CC0-1.0",1
pal_0181_203528_176230,/home/manos/codes/neural-morphing/artifacts/validation/datasets/paper_eval_v1/palette_train/misc/0181_203528_176230.flac,9c19defc47cca390863b4045421debbfb5e76b3e6e33e20173adaddda152c557,CC0-1.0,https://freesound.org/people/darlingfordays/sounds/203528/,Freesound sound 203528,5.712125,48000,1,palette_train,,unknown,0.000000,5.712125,1,0,0,"exact-allowed-licenses: CC-BY-3.0,CC-BY-4.0,CC-BY-SA-3.0,CC-BY-SA-4.0,CC0-1.0",1
pal_0182_271889_176270,/home/manos/codes/neural-morphing/artifacts/validation/datasets/paper_eval_v1/palette_train/misc/0182_271889_176270.flac,18fa2a6420cd061facce085c671b164a502f15ca2e067c49fe58c0121a07b409,CC0-1.0,https://freesound.org/people/sturmankin/sounds/271889/,Freesound sound 271889,14.938562,48000,1,palette_train,,unknown,0.000000,14.938562,1,0,0,"exact-allowed-licenses: CC-BY-3.0,CC-BY-4.0,CC-BY-SA-3.0,CC-BY-SA-4.0,CC0-1.0",1
pal_0183_294379_447544,/home/manos/codes/neural-morphing/artifacts/validation/datasets/paper_eval_v1/palette_train/misc/0183_294379_447544.flac,d5afdddd2f38849fa04ac79fb0b698c5841eca6e9c8859f92e0730e1e04309ac,CC0-1.0,https://freesound.org/people/modularsamples/sounds/294379/,Freesound sound 294379,12.050187,48000,1,palette_train,,unknown,0.000000,12.050187,1,0,0,"exact-allowed-licenses: CC-BY-3.0,CC-BY-4.0,CC-BY-SA-3.0,CC-BY-SA-4.0,CC0-1.0",1
pal_0184_401324_447555,/home/manos/codes/neural-morphing/artifacts/validation/datasets/paper_eval_v1/palette_train/misc/0184_401324_447555.flac,58ea46edf33bd11957fcce539bb526f5e68d8cabb27c293ddb34daa71c3b75a7,CC-BY-4.0,https://freesound.org/people/alanmcki/sounds/401324/,Freesound sound 401324,6.461875,48000,1,palette_train,,unknown,0.000000,6.461875,1,0,0,"exact-allowed-licenses: CC-BY-3.0,CC-BY-4.0,CC-BY-SA-3.0,CC-BY-SA-4.0,CC0-1.0",1
pal_0185_300806_447789,/home/manos/codes/neural-morphing/artifacts/validation/datasets/paper_eval_v1/palette_train/misc/0185_300806_447789.flac,ed5e973926f69afa2ee7f85da57e507c3270f7198982d31c978bd8d527843f2a,CC0-1.0,https://freesound.org/people/modularsamples/sounds/300806/,Freesound sound 300806,12.016333,48000,1,palette_train,,unknown,0.000000,12.016333,1,0,0,"exact-allowed-licenses: CC-BY-3.0,CC-BY-4.0,CC-BY-SA-3.0,CC-BY-SA-4.0,CC0-1.0",1
pal_0186_462044_447448,/home/manos/codes/neural-morphing/artifacts/validation/datasets/paper_eval_v1/palette_train/misc/0186_462044_447448.flac,dcf56c310bc75bf98cda72a6751ca89d4c742a7c3d5848cf92c4c21958ab0654,CC0-1.0,https://freesound.org/people/15HVojta_Michael/sounds/462044/,Freesound sound 462044,5.080000,48000,1,palette_train,,unknown,0.000000,5.080000,1,0,0,"exact-allowed-licenses: CC-BY-3.0,CC-BY-4.0,CC-BY-SA-3.0,CC-BY-SA-4.0,CC0-1.0",1
pal_0188_444428_447522,/home/manos/codes/neural-morphing/artifacts/validation/datasets/paper_eval_v1/palette_train/misc/0188_444428_447522.flac,a401007f9b19fe1a482fba7325b4f2eff0df6ac22b32c977b1abd9bea5f8bc33,CC0-1.0,https://freesound.org/people/MTJohnson/sounds/444428/,Freesound sound 444428,12.661333,48000,1,palette_train,,unknown,0.000000,12.661333,1,0,0,"exact-allowed-licenses: CC-BY-3.0,CC-BY-4.0,CC-BY-SA-3.0,CC-BY-SA-4.0,CC0-1.0",1
pal_0189_307406_447752,/home/manos/codes/neural-morphing/artifacts/validation/datasets/paper_eval_v1/palette_train/misc/0189_307406_447752.flac,a4110748972a0d8af74d5f1616c437d1c4cb60844c4a8450fa707acd3248f3fc,CC0-1.0,https://freesound.org/people/modularsamples/sounds/307406/,Freesound sound 307406,14.627937,48000,1,palette_train,,unknown,0.000000,14.627937,1,0,0,"exact-allowed-licenses: CC-BY-3.0,CC-BY-4.0,CC-BY-SA-3.0,CC-BY-SA-4.0,CC0-1.0",1
pal_0190_382599_447762,/home/manos/codes/neural-morphing/artifacts/validation/datasets/paper_eval_v1/palette_train/misc/0190_382599_447762.flac,27d108e5f855224ad8c35748ed5a59a79366fba99ba3a5f8f9c77493aaca94e9,CC0-1.0,https://freesound.org/people/MarMaryna/sounds/382599/,Freesound sound 382599,7.163375,48000,1,palette_train,,unknown,0.000000,7.163375,1,0,0,"exact-allowed-licenses: CC-BY-3.0,CC-BY-4.0,CC-BY-SA-3.0,CC-BY-SA-4.0,CC0-1.0",1
pal_0191_105036_447539,/home/manos/codes/neural-morphing/artifacts/validation/datasets/paper_eval_v1/palette_train/misc/0191_105036_447539.flac,e46c9f60beb6c99888bf6ae5ad2b2526d9287208b052079f75f49201b2a55984,CC-BY-4.0,https://freesound.org/people/Daimon-zero/sounds/105036/,Freesound sound 105036,9.090625,48000,1,palette_train,,unknown,0.000000,9.090625,1,0,0,"exact-allowed-licenses: CC-BY-3.0,CC-BY-4.0,CC-BY-SA-3.0,CC-BY-SA-4.0,CC0-1.0",1
pal_0192_425293_44747,/home/manos/codes/neural-morphing/artifacts/validation/datasets/paper_eval_v1/palette_train/misc/0192_425293_44747.flac,6afe0666338b35d56283ced2cd0a766563eac763bb264ac24274adc6e0e95715,CC-BY-3.0,https://freesound.org/people/beatcop/sounds/425293/,Freesound sound 425293,5.605333,48000,1,palette_train,,unknown,0.000000,5.605333,1,0,0,"exact-allowed-licenses: CC-BY-3.0,CC-BY-4.0,CC-BY-SA-3.0,CC-BY-SA-4.0,CC0-1.0",1
pal_0194_124811_447655,/home/manos/codes/neural-morphing/artifacts/validation/datasets/paper_eval_v1/palette_train/misc/0194_124811_447655.flac,3c03184a55a6ff4fac001ced197635ea22349f75002448164a3c3aa98b01b61e,CC-BY-3.0,https://freesound.org/people/Greencouch/sounds/124811/,Freesound sound 124811,6.616667,48000,1,palette_train,,unknown,0.000000,6.616667,1,0,0,"exact-allowed-licenses: CC-BY-3.0,CC-BY-4.0,CC-BY-SA-3.0,CC-BY-SA-4.0,CC0-1.0",1
pal_0195_154644_447798,/home/manos/codes/neural-morphing/artifacts/validation/datasets/paper_eval_v1/palette_train/misc/0195_154644_447798.flac,f873432e531dce478f753b9a97711d7f2de87c175798c506316b00e0f70f6983,CC0-1.0,https://freesound.org/people/crcavol/sounds/154644/,Freesound sound 154644,10.975000,48000,1,palette_train,,unknown,0.000000,10.975000,1,0,0,"exact-allowed-licenses: CC-BY-3.0,CC-BY-4.0,CC-BY-SA-3.0,CC-BY-SA-4.0,CC0-1.0",1
pal_0198_127849_447609,/home/manos/codes/neural-morphing/artifacts/validation/datasets/paper_eval_v1/palette_train/misc/0198_127849_447609.flac,373f674b36a8dabfbb7f193a2dfefc9b0ed8e5e70520bdf14e8e06c07a9e7fc9,CC-BY-4.0,https://freesound.org/people/AlienXXX/sounds/127849/,Freesound sound 127849,10.000000,48000,1,palette_train,,unknown,0.000000,10.000000,1,0,0,"exact-allowed-licenses: CC-BY-3.0,CC-BY-4.0,CC-BY-SA-3.0,CC-BY-SA-4.0,CC0-1.0",1
pal_0199_631318_447725,/home/manos/codes/neural-morphing/artifacts/validation/datasets/paper_eval_v1/palette_train/misc/0199_631318_447725.flac,4b84d3153b75457d1627b4d5bf842cd686270b4df089560773c1a2d7671e01d4,CC-BY-4.0,https://freesound.org/people/Hewn.Marrow/sounds/631318/,Freesound sound 631318,5.015521,48000,1,palette_train,,unknown,0.000000,5.015521,1,0,0,"exact-allowed-licenses: CC-BY-3.0,CC-BY-4.0,CC-BY-SA-3.0,CC-BY-SA-4.0,CC0-1.0",1
pal_0200_296676_447673,/home/manos/codes/neural-morphing/artifacts/validation/datasets/paper_eval_v1/palette_train/misc/0200_296676_447673.flac,a4e4ac1ba4ab59ea097c5882edd80a68853d158668577bb859c2cce6ea895812,CC0-1.0,https://freesound.org/people/modularsamples/sounds/296676/,Freesound sound 296676,9.049979,48000,1,palette_train,,unknown,0.000000,9.049979,1,0,0,"exact-allowed-licenses: CC-BY-3.0,CC-BY-4.0,CC-BY-SA-3.0,CC-BY-SA-4.0,CC0-1.0",1
pal_0201_159032_447540,/home/manos/codes/neural-morphing/artifacts/validation/datasets/paper_eval_v1/palette_train/misc/0201_159032_447540.flac,43b9edfaf31d1c51db81983706b98f3afa853c465d2c09a9c9b38da0bb99d584,CC0-1.0,https://freesound.org/people/vdb4f/sounds/159032/,Freesound sound 159032,6.232375,48000,1,palette_train,,unknown,0.000000,6.232375,1,0,0,"exact-allowed-licenses: CC-BY-3.0,CC-BY-4.0,CC-BY-SA-3.0,CC-BY-SA-4.0,CC0-1.0",1
pal_0202_579666_447563,/home/manos/codes/neural-morphing/artifacts/validation/datasets/paper_eval_v1/palette_train/misc/0202_579666_447563.flac,181628bfb5b4e975ec52514c3427c14c61623f0760552e0d18b8a4295c08dd68,CC0-1.0,https://freesound.org/people/sherby168/sounds/579666/,Freesound sound 579666,5.651583,48000,1,palette_train,,unknown,0.000000,5.651583,1,0,0,"exact-allowed-licenses: CC-BY-3.0,CC-BY-4.0,CC-BY-SA-3.0,CC-BY-SA-4.0,CC0-1.0",1
pal_0203_262918_447430,/home/manos/codes/neural-morphing/artifacts/validation/datasets/paper_eval_v1/palette_train/misc/0203_262918_447430.flac,bc3846af6216bd3727a5f578fcae36021b565c6f05b7a02657d54a5596388f03,CC0-1.0,https://freesound.org/people/davebassguy/sounds/262918/,Freesound sound 262918,12.234562,48000,1,palette_train,,unknown,0.000000,12.234562,1,0,0,"exact-allowed-licenses: CC-BY-3.0,CC-BY-4.0,CC-BY-SA-3.0,CC-BY-SA-4.0,CC0-1.0",1
pal_0204_108338_447591,/home/manos/codes/neural-morphing/artifacts/validation/datasets/paper_eval_v1/palette_train/misc/0204_108338_447591.flac,5e0cf3c59ddeca45bedccb310cc046a772eae46c4558b52e9aeba189902e209f,CC-BY-3.0,https://freesound.org/people/Hologhoul/sounds/108338/,Freesound sound 108338,7.896250,48000,1,palette_train,,unknown,0.000000,7.896250,1,0,0,"exact-allowed-licenses: CC-BY-3.0,CC-BY-4.0,CC-BY-SA-3.0,CC-BY-SA-4.0,CC0-1.0",1
pal_0205_155359_447438,/home/manos/codes/neural-morphing/artifacts/validation/datasets/paper_eval_v1/palette_train/misc/0205_155359_447438.flac,4e7c06afbab21a9fa3342f2fa35c08176778584409503abcc65e87744300088e,CC-BY-3.0,https://freesound.org/people/thecityrings/sounds/155359/,Freesound sound 155359,10.147125,48000,1,palette_train,,unknown,0.000000,10.147125,1,0,0,"exact-allowed-licenses: CC-BY-3.0,CC-BY-4.0,CC-BY-SA-3.0,CC-BY-SA-4.0,CC0-1.0",1
pal_0206_185967_447608,/home/manos/codes/neural-morphing/artifacts/validation/datasets/paper_eval_v1/palette_train/misc/0206_185967_447608.flac,4c6b3cbc952cafb11ef13a5fba31422b7a5b216cd65894da392a4f40a30cb50a,CC0-1.0,https://freesound.org/people/2BACH/sounds/185967/,Freesound sound 185967,7.241375,48000,1,palette_train,,unknown,0.000000,7.241375,1,0,0,"exact-allowed-licenses: CC-BY-3.0,CC-BY-4.0,CC-BY-SA-3.0,CC-BY-SA-4.0,CC0-1.0",1
pal_0207_480711_447618,/home/manos/codes/neural-morphing/artifacts/validation/datasets/paper_eval_v1/palette_train/misc/0207_480711_447618.flac,8a510eb704585b2752cac4142a5bf2c6860ac4a823f2ca753187d3fb0ba23f78,CC0-1.0,https://freesound.org/people/craigsmith/sounds/480711/,Freesound sound 480711,8.005937,48000,1,palette_train,,unknown,0.000000,8.005937,1,0,0,"exact-allowed-licenses: CC-BY-3.0,CC-BY-4.0,CC-BY-SA-3.0,CC-BY-SA-4.0,CC0-1.0",1
pal_0209_444375_447607,/home/manos/codes/neural-morphing/artifacts/validation/datasets/paper_eval_v1/palette_train/misc/0209_444375_447607.flac,914c40e8cd97f5f426d9b6777d220d6d864b30b9d1d6231c966cd4416768d424,CC0-1.0,https://freesound.org/people/cj_ascoli/sounds/444375/,Freesound sound 444375,8.166667,48000,1,palette_train,,unknown,0.000000,8.166667,1,0,0,"exact-allowed-licenses: CC-BY-3.0,CC-BY-4.0,CC-BY-SA-3.0,CC-BY-SA-4.0,CC0-1.0",1
pal_0210_202958_44761,/home/manos/codes/neural-morphing/artifacts/validation/datasets/paper_eval_v1/palette_train/misc/0210_202958_44761.flac,eaf78a0672250c03d4d8b5c647b4bb4cb98cc2357a92044516b5c57978313091,CC0-1.0,https://freesound.org/people/du222ac/sounds/202958/,Freesound sound 202958,13.897146,48000,1,palette_train,,unknown,0.000000,13.897146,1,0,0,"exact-allowed-licenses: CC-BY-3.0,CC-BY-4.0,CC-BY-SA-3.0,CC-BY-SA-4.0,CC0-1.0",1
pal_0212_306912_447576,/home/manos/codes/neural-morphing/artifacts/validation/datasets/paper_eval_v1/palette_train/misc/0212_306912_447576.flac,1d22c58f1bc6c05afc2dcd79d89cff8b20441085710a09ba6cecca9850dbc3a7,CC0-1.0,https://freesound.org/people/modularsamples/sounds/306912/,Freesound sound 306912,12.434292,48000,1,palette_train,,unknown,0.000000,12.434292,1,0,0,"exact-allowed-licenses: CC-BY-3.0,CC-BY-4.0,CC-BY-SA-3.0,CC-BY-SA-4.0,CC0-1.0",1
pal_0215_398014_447621,/home/manos/codes/neural-morphing/artifacts/validation/datasets/paper_eval_v1/palette_train/misc/0215_398014_447621.flac,076193790de60071f6ddd704a0652f0139af312f532717ad6e58f9f02f3f260d,CC0-1.0,https://freesound.org/people/SieuAmThanh/sounds/398014/,Freesound sound 398014,5.477729,48000,1,palette_train,,unknown,0.000000,5.477729,1,0,0,"exact-allowed-licenses: CC-BY-3.0,CC-BY-4.0,CC-BY-SA-3.0,CC-BY-SA-4.0,CC0-1.0",1
pal_0216_550905_447590,/home/manos/codes/neural-morphing/artifacts/validation/datasets/paper_eval_v1/palette_train/misc/0216_550905_447590.flac,f259b0f7c206fdc3766115cbbf65991a77aae533a4796d6211b98ad1fdae7608,CC0-1.0,https://freesound.org/people/dexterpointext/sounds/550905/,Freesound sound 550905,6.076542,48000,1,palette_train,,unknown,0.000000,6.076542,1,0,0,"exact-allowed-licenses: CC-BY-3.0,CC-BY-4.0,CC-BY-SA-3.0,CC-BY-SA-4.0,CC0-1.0",1
pal_0217_561286_447565,/home/manos/codes/neural-morphing/artifacts/validation/datasets/paper_eval_v1/palette_train/misc/0217_561286_447565.flac,8ac22f6d5b0ba7766c994122df196886e749ba00e69af9d64098b9948b6c5e2d,CC0-1.0,https://freesound.org/people/Jixolros/sounds/561286/,Freesound sound 561286,6.525750,48000,1,palette_train,,unknown,0.000000,6.525750,1,0,0,"exact-allowed-licenses: CC-BY-3.0,CC-BY-4.0,CC-BY-SA-3.0,CC-BY-SA-4.0,CC0-1.0",1
pal_0218_134605_447659,/home/manos/codes/neural-morphing/artifacts/validation/datasets/paper_eval_v1/palette_train/misc/0218_134605_447659.flac,8ed0b97e55482d0b61c465c6a2be39792698b62e1763a2fcca07cc793b7a698c,CC-BY-4.0,https://freesound.org/people/quartertone/sounds/134605/,Freesound sound 134605,5.208333,48000,1,palette_train,,unknown,0.000000,5.208333,1,0,0,"exact-allowed-licenses: CC-BY-3.0,CC-BY-4.0,CC-BY-SA-3.0,CC-BY-SA-4.0,CC0-1.0",1
pal_0219_280582_447791,/home/manos/codes/neural-morphing/artifacts/validation/datasets/paper_eval_v1/palette_train/misc/0219_280582_447791.flac,a91af07c5d7b98fab90578e366375f3a24d3a5beb3f3d5c2941dbc94694cb234,CC0-1.0,https://freesound.org/people/modularsamples/sounds/280582/,Freesound sound 280582,8.266312,48000,1,palette_train,,unknown,0.000000,8.266312,1,0,0,"exact-allowed-licenses: CC-BY-3.0,CC-BY-4.0,CC-BY-SA-3.0,CC-BY-SA-4.0,CC0-1.0",1
pal_0220_311067_447434,/home/manos/codes/neural-morphing/artifacts/validation/datasets/paper_eval_v1/palette_train/misc/0220_311067_447434.flac,58c9ce00b1abd214cf1c083b1d5a296a3be56a25daafce7ea6ce1b6f7a9fe81b,CC0-1.0,https://freesound.org/people/modularsamples/sounds/311067/,Freesound sound 311067,10.118750,48000,1,palette_train,,unknown,0.000000,10.118750,1,0,0,"exact-allowed-licenses: CC-BY-3.0,CC-BY-4.0,CC-BY-SA-3.0,CC-BY-SA-4.0,CC0-1.0",1
pal_0221_460392_447636,/home/manos/codes/neural-morphing/artifacts/validation/datasets/paper_eval_v1/palette_train/misc/0221_460392_447636.flac,01b6508328bde0206648ddb440f1edbe7723639c6745be4354a070b4d837a8ad,CC-BY-4.0,https://freesound.org/people/d.n.audio.uk/sounds/460392/,Freesound sound 460392,11.733333,48000,1,palette_train,,unknown,0.000000,11.733333,1,0,0,"exact-allowed-licenses: CC-BY-3.0,CC-BY-4.0,CC-BY-SA-3.0,CC-BY-SA-4.0,CC0-1.0",1
pal_0222_304765_447437,/home/manos/codes/neural-morphing/artifacts/validation/datasets/paper_eval_v1/palette_train/misc/0222_304765_447437.flac,0c6182ec4d1124278f1f5c163e45556545de35610154019bcbd3031097c86070,CC0-1.0,https://freesound.org/people/modularsamples/sounds/304765/,Freesound sound 304765,9.021229,48000,1,palette_train,,unknown,0.000000,9.021229,1,0,0,"exact-allowed-licenses: CC-BY-3.0,CC-BY-4.0,CC-BY-SA-3.0,CC-BY-SA-4.0,CC0-1.0",1
pal_0224_545104_4475,/home/manos/codes/neural-morphing/artifacts/validation/datasets/paper_eval_v1/palette_train/misc/0224_545104_4475.flac,d1e2506ff57dba1cac14771b3fbbb41fe15bb23153694239ab719464d7f1cabd,CC0-1.0,https://freesound.org/people/jowall79/sounds/545104/,Freesound sound 545104,10.605729,48000,1,palette_train,,unknown,0.000000,10.605729,1,0,0,"exact-allowed-licenses: CC-BY-3.0,CC-BY-4.0,CC-BY-SA-3.0,CC-BY-SA-4.0,CC0-1.0",1
pal_0225_334986_447436,/home/manos/codes/neural-morphing/artifacts/validation/datasets/paper_eval_v1/palette_train/misc/0225_334986_447436.flac,c2d913708cd693668a86db65765adb66b0ed7de0052deb7c4ad73ddc0791de26,CC0-1.0,https://freesound.org/people/paulocorona/sounds/334986/,Freesound sound 334986,10.736333,48000,1,palette_train,,unknown,0.000000,10.736333,1,0,0,"exact-allowed-licenses: CC-BY-3.0,CC-BY-4.0,CC-BY-SA-3.0,CC-BY-SA-4.0,CC0-1.0",1
pal_0227_613918_447575,/home/manos/codes/neural-morphing/artifacts/validation/datasets/paper_eval_v1/palette_train/misc/0227_613918_447575.flac,2e5ec37772f19b9e214c8b67459e915de5c1bdf82df235df665c966e0a6da2ab,CC0-1.0,https://freesound.org/people/xkeril/sounds/613918/,Freesound sound 613918,10.000000,48000,1,palette_train,,unknown,0.000000,10.000000,1,0,0,"exact-allowed-licenses: CC-BY-3.0,CC-BY-4.0,CC-BY-SA-3.0,CC-BY-SA-4.0,CC0-1.0",1
pal_0231_279064_447769,/home/manos/codes/neural-morphing/artifacts/validation/datasets/paper_eval_v1/palette_train/misc/0231_279064_447769.flac,4f4fd83436680e74c32a585d09f93584c9093835babebb225f1fc25d19a4992d,CC0-1.0,https://freesound.org/people/modularsamples/sounds/279064/,Freesound sound 279064,12.016333,48000,1,palette_train,,unknown,0.000000,12.016333,1,0,0,"exact-allowed-licenses: CC-BY-3.0,CC-BY-4.0,CC-BY-SA-3.0,CC-BY-SA-4.0,CC0-1.0",1
pal_0232_44543_447716,/home/manos/codes/neural-morphing/artifacts/validation/datasets/paper_eval_v1/palette_train/misc/0232_44543_447716.flac,a6bc69b888d35a8a15974279d124ee1840c49ace4c68a2a51fb9d65e587473e1,CC0-1.0,https://freesound.org/people/dataset/sounds/44543/,Freesound sound 44543,5.882333,48000,1,palette_train,,unknown,0.000000,5.882333,1,0,0,"exact-allowed-licenses: CC-BY-3.0,CC-BY-4.0,CC-BY-SA-3.0,CC-BY-SA-4.0,CC0-1.0",1
pal_0233_292160_447585,/home/manos/codes/neural-morphing/artifacts/validation/datasets/paper_eval_v1/palette_train/misc/0233_292160_447585.flac,278f55ea661f3f4c267a25319acf714eb28fb8245c1f7b138b2c4905d71de92a,CC0-1.0,https://freesound.org/people/modularsamples/sounds/292160/,Freesound sound 292160,10.483813,48000,1,palette_train,,unknown,0.000000,10.483813,1,0,0,"exact-allowed-licenses: CC-BY-3.0,CC-BY-4.0,CC-BY-SA-3.0,CC-BY-SA-4.0,CC0-1.0",1
pal_0234_456049_447728,/home/manos/codes/neural-morphing/artifacts/validation/datasets/paper_eval_v1/palette_train/misc/0234_456049_447728.flac,c53215876a4ce98c658db13cb737e1a1b6105e64304990aa5eecf8eac6da2c3b,CC0-1.0,https://freesound.org/people/jalastram/sounds/456049/,Freesound sound 456049,8.035312,48000,1,palette_train,,unknown,0.000000,8.035312,1,0,0,"exact-allowed-licenses: CC-BY-3.0,CC-BY-4.0,CC-BY-SA-3.0,CC-BY-SA-4.0,CC0-1.0",1
pal_0235_156501_447442,/home/manos/codes/neural-morphing/artifacts/validation/datasets/paper_eval_v1/palette_train/misc/0235_156501_447442.flac,35af5d4663a2aa887b48b1c81c0a6f2d7a0f831c945e5157e3fa5dd237eb86f3,CC0-1.0,https://freesound.org/people/skrigel/sounds/156501/,Freesound sound 156501,6.454063,48000,1,palette_train,,unknown,0.000000,6.454063,1,0,0,"exact-allowed-licenses: CC-BY-3.0,CC-BY-4.0,CC-BY-SA-3.0,CC-BY-SA-4.0,CC0-1.0",1
pal_0236_494338_447498,/home/manos/codes/neural-morphing/artifacts/validation/datasets/paper_eval_v1/palette_train/misc/0236_494338_447498.flac,31aa9c253638e47f15fde68a215279b35c9b26b8379aa2d4b5900b68e8c16ac9,CC-BY-3.0,https://freesound.org/people/mtovar24/sounds/494338/,Freesound sound 494338,6.000000,48000,1,palette_train,,unknown,0.000000,6.000000,1,0,0,"exact-allowed-licenses: CC-BY-3.0,CC-BY-4.0,CC-BY-SA-3.0,CC-BY-SA-4.0,CC0-1.0",1
pal_0237_548053_447701,/home/manos/codes/neural-morphing/artifacts/validation/datasets/paper_eval_v1/palette_train/misc/0237_548053_447701.flac,04529ad82c6775aa7e595c4bdfde923db77e54f55351df506865cd577bf96b4f,CC0-1.0,https://freesound.org/people/basedMedia/sounds/548053/,Freesound sound 548053,7.558125,48000,1,palette_train,,unknown,0.000000,7.558125,1,0,0,"exact-allowed-licenses: CC-BY-3.0,CC-BY-4.0,CC-BY-SA-3.0,CC-BY-SA-4.0,CC0-1.0",1
pal_0238_301056_447592,/home/manos/codes/neural-morphing/artifacts/validation/datasets/paper_eval_v1/palette_train/misc/0238_301056_447592.flac,877886d77d11f2deee2c18c08457cc2d9bec0466dc90d4834dc02228fca7b618,CC0-1.0,https://freesound.org/people/modularsamples/sounds/301056/,Freesound sound 301056,8.382417,48000,1,palette_train,,unknown,0.000000,8.382417,1,0,0,"exact-allowed-licenses: CC-BY-3.0,CC-BY-4.0,CC-BY-SA-3.0,CC-BY-SA-4.0,CC0-1.0",1
pal_0239_306393_447469,/home/manos/codes/neural-morphing/artifacts/validation/datasets/paper_eval_v1/palette_train/misc/0239_306393_447469.flac,1dd2ec934b040df5d6456ebe21a96141ab90dc5042d708878d0aea1ee74a4d5d,CC0-1.0,https://freesound.org/people/modularsamples/sounds/306393/,Freesound sound 306393,6.246187,48000,1,palette_train,,unknown,0.000000,6.246187,1,0,0,"exact-allowed-licenses: CC-BY-3.0,CC-BY-4.0,CC-BY-SA-3.0,CC-BY-SA-4.0,CC0-1.0",1
pal_0240_190062_447812,/home/manos/codes/neural-morphing/artifacts/validation/datasets/paper_eval_v1/palette_train/misc/0240_190062_447812.flac,0fc3a9ecf881df9372d162acb61bf9341910265fb10c538dd170dd29ebdeb0f0,CC0-1.0,https://freesound.org/people/soneproject/sounds/190062/,Freesound sound 190062,9.144312,48000,1,palette_train,,unknown,0.000000,9.144312,1,0,0,"exact-allowed-licenses: CC-BY-3.0,CC-BY-4.0,CC-BY-SA-3.0,CC-BY-SA-4.0,CC0-1.0",1
pal_0241_277198_44742,/home/manos/codes/neural-morphing/artifacts/validation/datasets/paper_eval_v1/palette_train/misc/0241_277198_44742.flac,e9ebe5dd1fd604d13c5012e23fa07603240d181ec58c3d521f3ab5902ef409a2,CC-BY-4.0,https://freesound.org/people/wjoojoo/sounds/277198/,Freesound sound 277198,8.188354,48000,1,palette_train,,unknown,0.000000,8.188354,1,0,0,"exact-allowed-licenses: CC-BY-3.0,CC-BY-4.0,CC-BY-SA-3.0,CC-BY-SA-4.0,CC0-1.0",1
pal_0242_83348_447764,/home/manos/codes/neural-morphing/artifacts/validation/datasets/paper_eval_v1/palette_train/misc/0242_83348_447764.flac,ad262853343ad6e734977e84a41bd864006b1a303289a3335d526ee9e37d162f,CC0-1.0,https://freesound.org/people/SJM62/sounds/83348/,Freesound sound 83348,8.777146,48000,1,palette_train,,unknown,0.000000,8.777146,1,0,0,"exact-allowed-licenses: CC-BY-3.0,CC-BY-4.0,CC-BY-SA-3.0,CC-BY-SA-4.0,CC0-1.0",1
pal_0243_367072_447632,/home/manos/codes/neural-morphing/artifacts/validation/datasets/paper_eval_v1/palette_train/misc/0243_367072_447632.flac,88f04b073e59e03fc0873520be533248b2a91b2fc013f151abe47a7a2ff9d9a3,CC0-1.0,https://freesound.org/people/edzie777/sounds/367072/,Freesound sound 367072,9.388000,48000,1,palette_train,,unknown,0.000000,9.388000,1,0,0,"exact-allowed-licenses: CC-BY-3.0,CC-BY-4.0,CC-BY-SA-3.0,CC-BY-SA-4.0,CC0-1.0",1
pal_0245_499457_447587,/home/manos/codes/neural-morphing/artifacts/validation/datasets/paper_eval_v1/palette_train/misc/0245_499457_447587.flac,a21ebd90668e9e354ec66b3828e56406c3b43cc3033c7f788b953a9ec92c1fa4,CC0-1.0,https://freesound.org/people/16FPanskaCejkova_Sara/sounds/499457/,Freesound sound 499457,6.473125,48000,1,palette_train,,unknown,0.000000,6.473125,1,0,0,"exact-allowed-licenses: CC-BY-3.0,CC-BY-4.0,CC-BY-SA-3.0,CC-BY-SA-4.0,CC0-1.0",1
pal_0246_400667_447531,/home/manos/codes/neural-morphing/artifacts/validation/datasets/paper_eval_v1/palette_train/misc/0246_400667_447531.flac,91df4cb6eedbffda1050d92202c78a760bc0c2d7dbecbd84198490b588f543b7,CC-BY-4.0,https://freesound.org/people/Zabuhailo/sounds/400667/,Freesound sound 400667,12.236271,48000,1,palette_train,,unknown,0.000000,12.236271,1,0,0,"exact-allowed-licenses: CC-BY-3.0,CC-BY-4.0,CC-BY-SA-3.0,CC-BY-SA-4.0,CC0-1.0",1
pal_0247_297946_447660,/home/manos/codes/neural-morphing/artifacts/validation/datasets/paper_eval_v1/palette_train/misc/0247_297946_447660.flac,9ee93bfe5a821f78b7d574a56dc8f3610fdaa8f866b60807e2f694d5631e8abb,CC0-1.0,https://freesound.org/people/modularsamples/sounds/297946/,Freesound sound 297946,14.419604,48000,1,palette_train,,unknown,0.000000,14.419604,1,0,0,"exact-allowed-licenses: CC-BY-3.0,CC-BY-4.0,CC-BY-SA-3.0,CC-BY-SA-4.0,CC0-1.0",1
pal_0248_553551_447773,/home/manos/codes/neural-morphing/artifacts/validation/datasets/paper_eval_v1/palette_train/misc/0248_553551_447773.flac,d4eb6d92e959847a8e58388c0ad566c79501f9fdd53d320d85f36cf97b9c82f7,CC0-1.0,https://freesound.org/people/JustMog/sounds/553551/,Freesound sound 553551,5.224938,48000,1,palette_train,,unknown,0.000000,5.224938,1,0,0,"exact-allowed-licenses: CC-BY-3.0,CC-BY-4.0,CC-BY-SA-3.0,CC-BY-SA-4.0,CC0-1.0",1
pal_0249_595334_447669,/home/manos/codes/neural-morphing/artifacts/validation/datasets/paper_eval_v1/palette_train/misc/0249_595334_447669.flac,1276fadcfee14c04a3171604f39b6e5df33151ea857f01bb9ad3a22daf41e0fc,CC-BY-4.0,https://freesound.org/people/stoltingmediagroup/sounds/595334/,Freesound sound 595334,12.000000,48000,1,palette_train,,unknown,0.000000,12.000000,1,0,0,"exact-allowed-licenses: CC-BY-3.0,CC-BY-4.0,CC-BY-SA-3.0,CC-BY-SA-4.0,CC0-1.0",1
pal_0250_300191_447520,/home/manos/codes/neural-morphing/artifacts/validation/datasets/paper_eval_v1/palette_train/misc/0250_300191_447520.flac,cb8bf30720a2aa039ad0f0d2a9a691a846abed5a9773147701130c00e1d665a1,CC0-1.0,https://freesound.org/people/modularsamples/sounds/300191/,Freesound sound 300191,10.939667,48000,1,palette_train,,unknown,0.000000,10.939667,1,0,0,"exact-allowed-licenses: CC-BY-3.0,CC-BY-4.0,CC-BY-SA-3.0,CC-BY-SA-4.0,CC0-1.0",1
pal_0251_540292_447417,/home/manos/codes/neural-morphing/artifacts/validation/datasets/paper_eval_v1/palette_train/misc/0251_540292_447417.flac,1ecf887e5e910a6ccdce32ef84358a75d72ec9a976af4a7362464f20cf06f9a7,CC0-1.0,https://freesound.org/people/AP-sound/sounds/540292/,Freesound sound 540292,9.152000,48000,1,palette_train,,unknown,0.000000,9.152000,1,0,0,"exact-allowed-licenses: CC-BY-3.0,CC-BY-4.0,CC-BY-SA-3.0,CC-BY-SA-4.0,CC0-1.0",1
pal_0253_84769_447486,/home/manos/codes/neural-morphing/artifacts/validation/datasets/paper_eval_v1/palette_train/misc/0253_84769_447486.flac,1dc5d4c86b15b2d4cb2f985f2f52b61e7ff26441bdda8376551682b5c4832cce,CC0-1.0,https://freesound.org/people/bsumusictech/sounds/84769/,Freesound sound 84769,14.329625,48000,1,palette_train,,unknown,0.000000,14.329625,1,0,0,"exact-allowed-licenses: CC-BY-3.0,CC-BY-4.0,CC-BY-SA-3.0,CC-BY-SA-4.0,CC0-1.0",1
pal_0255_249017_447455,/home/manos/codes/neural-morphing/artifacts/validation/datasets/paper_eval_v1/palette_train/misc/0255_249017_447455.flac,1dc5ab3d42a47dd95e7e58f3684cd4c27b1a6c36c19dcdf0077fb2c4ae99d64b,CC-BY-3.0,https://freesound.org/people/MTG/sounds/249017/,Freesound sound 249017,5.453854,48000,1,palette_train,,unknown,0.000000,5.453854,1,0,0,"exact-allowed-licenses: CC-BY-3.0,CC-BY-4.0,CC-BY-SA-3.0,CC-BY-SA-4.0,CC0-1.0",1
pal_0256_26846_447759,/home/manos/codes/neural-morphing/artifacts/validation/datasets/paper_eval_v1/palette_train/misc/0256_26846_447759.flac,915f19732adcc5e82f9f8523e8637984486ba9f0fbb5e737397f7be9d4fbcee2,CC-BY-4.0,https://freesound.org/people/LG/sounds/26846/,Freesound sound 26846,7.224729,48000,1,palette_train,,unknown,0.000000,7.224729,1,0,0,"exact-allowed-licenses: CC-BY-3.0,CC-BY-4.0,CC-BY-SA-3.0,CC-BY-SA-4.0,CC0-1.0",1
pal_0020_249365_231377,/home/manos/codes/neural-morphing/artifacts/validation/datasets/paper_eval_v1/palette_train/percussion/0020_249365_231377.flac,c65ecfcd85a3eb5094c8eb9ac88de91ca8c0e7fb6e8bc47a577244ab30edf9bb,CC0-1.0,https://freesound.org/people/cpolcyn/sounds/249365/,Freesound sound 249365,11.801708,48000,1,palette_train,,unknown,0.000000,11.801708,1,0,0,"exact-allowed-licenses: CC-BY-3.0,CC-BY-4.0,CC-BY-SA-3.0,CC-BY-SA-4.0,CC0-1.0",1
pal_0079_620244_231388,/home/manos/codes/neural-morphing/artifacts/validation/datasets/paper_eval_v1/palette_train/percussion/0079_620244_231388.flac,888a8b46c7c8627250c1fab9f20780c594a673378cf7f4d4d9e9a789582e56dd,CC0-1.0,https://freesound.org/people/KJose/sounds/620244/,Freesound sound 620244,8.442667,48000,1,palette_train,,unknown,0.000000,8.442667,1,0,0,"exact-allowed-licenses: CC-BY-3.0,CC-BY-4.0,CC-BY-SA-3.0,CC-BY-SA-4.0,CC0-1.0",1
pal_0162_427461_176346,/home/manos/codes/neural-morphing/artifacts/validation/datasets/paper_eval_v1/palette_train/percussion/0162_427461_176346.flac,f1b6492af2bcedf45e7581a8bc26771067b5acdcd50ab3f7c2914d7416005d16,CC0-1.0,https://freesound.org/people/mikesh/sounds/427461/,Freesound sound 427461,8.000000,48000,1,palette_train,,unknown,0.000000,8.000000,1,0,0,"exact-allowed-licenses: CC-BY-3.0,CC-BY-4.0,CC-BY-SA-3.0,CC-BY-SA-4.0,CC0-1.0",1
pal_0175_498470_176272,/home/manos/codes/neural-morphing/artifacts/validation/datasets/paper_eval_v1/palette_train/percussion/0175_498470_176272.flac,cba25bd71ed526adce352ebca93012ef872ef6f911e3beca2d9f5c945c2f83e2,CC0-1.0,https://freesound.org/people/PhonosUPF/sounds/498470/,Freesound sound 498470,10.545750,48000,1,palette_train,,unknown,0.000000,10.545750,1,0,0,"exact-allowed-licenses: CC-BY-3.0,CC-BY-4.0,CC-BY-SA-3.0,CC-BY-SA-4.0,CC0-1.0",1
pal_0252_425457_44758,/home/manos/codes/neural-morphing/artifacts/validation/datasets/paper_eval_v1/palette_train/percussion/0252_425457_44758.flac,1fab88ca75c7690a7a00c7cff2886d6bf9a6be88a93e407b20090a82f69db0c6,CC0-1.0,https://freesound.org/people/trivialAccapella/sounds/425457/,Freesound sound 425457,13.299479,48000,1,palette_train,,unknown,0.000000,13.299479,1,0,0,"exact-allowed-licenses: CC-BY-3.0,CC-BY-4.0,CC-BY-SA-3.0,CC-BY-SA-4.0,CC0-1.0",1
pal_0021_22487_231539,/home/manos/codes/neural-morphing/artifacts/validation/datasets/paper_eval_v1/palette_train/synth/0021_22487_231539.flac,998583a9745f63e410558d0e4868b6178b635363c9c4e99b1549a558926fc001,CC-BY-3.0,https://freesound.org/people/john%20hajdar/sounds/22487/,Freesound sound 22487,14.000000,48000,1,palette_train,,unknown,0.000000,14.000000,1,0,0,"exact-allowed-licenses: CC-BY-3.0,CC-BY-4.0,CC-BY-SA-3.0,CC-BY-SA-4.0,CC0-1.0",1
pal_0094_421919_176037,/home/manos/codes/neural-morphing/artifacts/validation/datasets/paper_eval_v1/palette_train/synth/0094_421919_176037.flac,a70ea7292da6f1899abeb96dc2b03616da3c8fe7c70df10b501c0fa3e1685b1e,CC0-1.0,https://freesound.org/people/Erokia/sounds/421919/,Freesound sound 421919,5.316125,48000,1,palette_train,,unknown,0.000000,5.316125,1,0,0,"exact-allowed-licenses: CC-BY-3.0,CC-BY-4.0,CC-BY-SA-3.0,CC-BY-SA-4.0,CC0-1.0",1
pal_0208_433216_447794,/home/manos/codes/neural-morphing/artifacts/validation/datasets/paper_eval_v1/palette_train/synth/0208_433216_447794.flac,a2b512266a86f8c57ec06e6a88471fc39227f9ff2f69baa9a9ed0c21e6a6d491,CC0-1.0,https://freesound.org/people/frederic.font/sounds/433216/,Freesound sound 433216,9.984583,48000,1,palette_train,,unknown,0.000000,9.984583,1,0,0,"exact-allowed-licenses: CC-BY-3.0,CC-BY-4.0,CC-BY-SA-3.0,CC-BY-SA-4.0,CC0-1.0",1
pal_0214_322379_447739,/home/manos/codes/neural-morphing/artifacts/validation/datasets/paper_eval_v1/palette_train/synth/0214_322379_447739.flac,e13592e5bdc00404016036fa09e58a855d9f48473066a50aea7a2a8bae9ef198,CC-BY-4.0,https://freesound.org/people/Thoribass/sounds/322379/,Freesound sound 322379,6.606271,48000,1,palette_train,,unknown,0.000000,6.606271,1,0,0,"exact-allowed-licenses: CC-BY-3.0,CC-BY-4.0,CC-BY-SA-3.0,CC-BY-SA-4.0,CC0-1.0",1
pal_0011_92379_231375,/home/manos/codes/neural-morphing/artifacts/validation/datasets/paper_eval_v1/palette_train/voice/0011_92379_231375.flac,39e0247edbf407a7a1d7da5f10bbb8f936488416daef5d3c5a018438e72549ae,CC-BY-4.0,https://freesound.org/people/sandyrb/sounds/92379/,Freesound sound 92379,6.781958,48000,1,palette_train,,unknown,0.000000,6.781958,1,0,0,"exact-allowed-licenses: CC-BY-3.0,CC-BY-4.0,CC-BY-SA-3.0,CC-BY-SA-4.0,CC0-1.0",1
pal_0097_520381_176295,/home/manos/codes/neural-morphing/artifacts/validation/datasets/paper_eval_v1/palette_train/voice/0097_520381_176295.flac,8a7114758e9145ba83b6412c52232364d9bbe94e6086d8e0c66dae21ba876211,CC0-1.0,https://freesound.org/people/alean/sounds/520381/,Freesound sound 520381,5.230917,48000,1,palette_train,,unknown,0.000000,5.230917,1,0,0,"exact-allowed-licenses: CC-BY-3.0,CC-BY-4.0,CC-BY-SA-3.0,CC-BY-SA-4.0,CC0-1.0",1
pal_0108_234039_176224,/home/manos/codes/neural-morphing/artifacts/validation/datasets/paper_eval_v1/palette_train/voice/0108_234039_176224.flac,697502d64e32b15e7c19883cdc398236ca61a88f491a5869dc027ad60847aa31,CC-BY-4.0,https://freesound.org/people/AmeAngelofSin/sounds/234039/,Freesound sound 234039,8.157750,48000,1,palette_train,,unknown,0.000000,8.157750,1,0,0,"exact-allowed-licenses: CC-BY-3.0,CC-BY-4.0,CC-BY-SA-3.0,CC-BY-SA-4.0,CC0-1.0",1
pal_0126_324436_176305,/home/manos/codes/neural-morphing/artifacts/validation/datasets/paper_eval_v1/palette_train/voice/0126_324436_176305.flac,42b7e0e5104010b6f4c2250e3a9eeb5d5903b9132fb2a687f3ee9329d10a325d,CC-BY-4.0,https://freesound.org/people/univ_lyon3/sounds/324436/,Freesound sound 324436,12.081417,48000,1,palette_train,,unknown,0.000000,12.081417,1,0,0,"exact-allowed-licenses: CC-BY-3.0,CC-BY-4.0,CC-BY-SA-3.0,CC-BY-SA-4.0,CC0-1.0",1
pal_0134_572285_17609,/home/manos/codes/neural-morphing/artifacts/validation/datasets/paper_eval_v1/palette_train/voice/0134_572285_17609.flac,259b6a4c7bb057309a13555b4f8c72f7ac533afb48427d815338ec28573e4323,CC0-1.0,https://freesound.org/people/monosfera/sounds/572285/,Freesound sound 572285,6.791667,48000,1,palette_train,,unknown,0.000000,6.791667,1,0,0,"exact-allowed-licenses: CC-BY-3.0,CC-BY-4.0,CC-BY-SA-3.0,CC-BY-SA-4.0,CC0-1.0",1
pal_0152_533563_176263,/home/manos/codes/neural-morphing/artifacts/validation/datasets/paper_eval_v1/palette_train/voice/0152_533563_176263.flac,a765de06812887aecebec03631957747c940a946853f384d95f999084480bcf5,CC-BY-4.0,https://freesound.org/people/michellelindemann1/sounds/533563/,Freesound sound 533563,5.292521,48000,1,palette_train,,unknown,0.000000,5.292521,1,0,0,"exact-allowed-licenses: CC-BY-3.0,CC-BY-4.0,CC-BY-SA-3.0,CC-BY-SA-4.0,CC0-1.0",1
pal_0180_382123_176160,/home/manos/codes/neural-morphing/artifacts/validation/datasets/paper_eval_v1/palette_train/voice/0180_382123_176160.flac,a48b20a20ea3ab8bfc7dec720393691baa4592cf3a58686d13f0e2ba11b3b32e,CC-BY-3.0,https://freesound.org/people/nosegrind/sounds/382123/,Freesound sound 382123,7.233833,48000,1,palette_train,,unknown,0.000000,7.233833,1,0,0,"exact-allowed-licenses: CC-BY-3.0,CC-BY-4.0,CC-BY-SA-3.0,CC-BY-SA-4.0,CC0-1.0",1
pal_0229_62391_447808,/home/manos/codes/neural-morphing/artifacts/validation/datasets/paper_eval_v1/palette_train/voice/0229_62391_447808.flac,3fc966bc3e35ba768389f8c718d77a834ee2b639ed7ca610e518741b319535c5,CC0-1.0,https://freesound.org/people/fons/sounds/62391/,Freesound sound 62391,10.685417,48000,1,palette_train,,unknown,0.000000,10.685417,1,0,0,"exact-allowed-licenses: CC-BY-3.0,CC-BY-4.0,CC-BY-SA-3.0,CC-BY-SA-4.0,CC0-1.0",1
